{
    "root_group": {
        "name": "",
        "path": "",
        "id": "d41d8cd98f00b204e9800998ecf8427e",
        "groups": {},
        "checks": {}
    },
    "metrics": {
        "iteration_duration": {
            "max": 10018.946416,
            "p(90)": 3636.8597086000004,
            "p(95)": 4574.802250599999,
            "avg": 1003.7848329699855,
            "min": 0.900875,
            "med": 55.3815
        },
        "vus": {
            "min": 0,
            "max": 5000,
            "value": 1126
        },
        "dropped_iterations": {
            "count": 106746,
            "rate": 619.0190407939672
        },
        "http_reqs": {
            "count": 181723,
            "rate": 1053.809952131247
        },
        "http_req_failed": {
            "passes": 133000,
            "fails": 48723,
            "value": 0.7318831408242215
        },
        "reserve_success": {
            "rate": 282.5442145336075,
            "count": 48723
        },
        "data_sent": {
            "count": 27609653,
            "rate": 160108.11568315703
        },
        "error_rate": {
            "passes": 133000,
            "fails": 48723,
            "value": 0.7318831408242215
        },
        "http_req_connecting": {
            "p(95)": 0.84,
            "avg": 0.2801385955547799,
            "min": 0,
            "med": 0.146,
            "max": 98.404,
            "p(90)": 0.474
        },
        "vus_max": {
            "value": 5000,
            "min": 500,
            "max": 5000
        },
        "http_req_duration": {
            "p(95)": 4573.6957,
            "avg": 1003.1145115312834,
            "min": 0.819,
            "med": 54.828,
            "max": 10016.963,
            "p(90)": 3635.3136
        },
        "http_req_blocked": {
            "max": 99.024,
            "p(90)": 0.643,
            "p(95)": 1.15,
            "avg": 0.36008565233900713,
            "min": 0,
            "med": 0.18
        },
        "http_req_tls_handshaking": {
            "p(90)": 0,
            "p(95)": 0,
            "avg": 0,
            "min": 0,
            "med": 0,
            "max": 0
        },
        "http_req_duration{expected_response:true}": {
            "avg": 183.47890675861538,
            "min": 0.833,
            "med": 2.193,
            "max": 9749.633,
            "p(90)": 186.454,
            "p(95)": 680.8187999999931
        },
        "reserve_failed": {
            "count": 133000,
            "rate": 771.2657375976396
        },
        "server_5xx": {
            "fails": 48834,
            "passes": 132889,
            "thresholds": {
                "rate<0.10": true
            },
            "value": 0.731272321060075
        },
        "http_req_waiting": {
            "p(90)": 3634.2872,
            "p(95)": 4572.9099,
            "avg": 1002.6564640139171,
            "min": 0.771,
            "med": 54.354,
            "max": 10016.949
        },
        "iterations": {
            "count": 181723,
            "rate": 1053.809952131247
        },
        "data_received": {
            "count": 47104303,
            "rate": 273157.40599487
        },
        "reserve_latency_ms": {
            "avg": 1003.1145115312836,
            "min": 0.819,
            "med": 54.828,
            "max": 10016.963,
            "p(90)": 3635.3136,
            "p(95)": 4573.6957,
            "thresholds": {
                "p(99)<5000": true
            }
        },
        "http_req_receiving": {
            "p(90)": 0.595,
            "p(95)": 1.342,
            "avg": 0.38148401688282857,
            "min": 0,
            "med": 0.04,
            "max": 399.056
        },
        "http_req_sending": {
            "med": 0.019,
            "max": 51.249,
            "p(90)": 0.086,
            "p(95)": 0.197,
            "avg": 0.07656350049251609,
            "min": 0.002
        }
    }
}