{
    "metrics": {
        "http_req_sending": {
            "max": 283.816,
            "p(90)": 0.055,
            "p(95)": 0.129,
            "avg": 0.08996180822135251,
            "min": 0.001,
            "med": 0.009
        },
        "vus": {
            "value": 1255,
            "min": 91,
            "max": 5000
        },
        "data_received": {
            "count": 69280234,
            "rate": 394401.579572991
        },
        "http_req_connecting": {
            "p(90)": 0.168,
            "p(95)": 0.252,
            "avg": 0.1021402261653137,
            "min": 0,
            "med": 0,
            "max": 222.575
        },
        "admit_wait_ms": {
            "avg": 1879.3937151425582,
            "min": 0,
            "med": 1100,
            "max": 16041,
            "p(90)": 3061,
            "p(95)": 3887
        },
        "reserve_success": {
            "count": 42172,
            "rate": 240.0786263763511
        },
        "dropped_iterations": {
            "count": 195678,
            "rate": 1113.9643709587317
        },
        "admitted": {
            "count": 92699,
            "rate": 527.7209661970353
        },
        "http_req_receiving": {
            "avg": 0.7117077102367814,
            "min": 0,
            "med": 0.03,
            "max": 1001.885,
            "p(90)": 0.435,
            "p(95)": 1.027
        },
        "token_issued": {
            "count": 92699,
            "rate": 527.7209661970353
        },
        "http_req_duration": {
            "avg": 1177.6920238431005,
            "min": 0.265,
            "med": 29.308,
            "max": 10002.78,
            "p(90)": 3128.8106,
            "p(95)": 3892.1765999999993
        },
        "http_req_duration{expected_response:true}": {
            "avg": 986.6400696682198,
            "min": 0.265,
            "med": 3.333,
            "max": 9748.033,
            "p(90)": 2832.1244,
            "p(95)": 3441.1067999999987
        },
        "http_req_failed": {
            "passes": 53160,
            "fails": 273769,
            "value": 0.16260411281960302
        },
        "iterations": {
            "count": 92802,
            "rate": 528.3073291515256
        },
        "http_reqs": {
            "count": 326929,
            "rate": 1861.1558674616829
        },
        "token_latency_ms": {
            "avg": 1368.9908048210075,
            "min": 0.274,
            "med": 607.8805,
            "max": 10002.78,
            "p(90)": 3338.298100000001,
            "p(95)": 4527.55765
        },
        "data_sent": {
            "count": 49200247,
            "rate": 280089.34167545266
        },
        "http_req_tls_handshaking": {
            "p(95)": 0,
            "avg": 0,
            "min": 0,
            "med": 0,
            "max": 0,
            "p(90)": 0
        },
        "reserve_failed": {
            "rate": 287.6423398206842,
            "count": 50527
        },
        "token_failed": {
            "count": 103,
            "rate": 0.5863629544902819
        },
        "http_req_waiting": {
            "med": 29.162,
            "max": 10002.563,
            "p(90)": 3126.965,
            "p(95)": 3890.0517999999975,
            "avg": 1176.8903543246342,
            "min": 0.257
        },
        "reserve_latency_ms": {
            "min": 0.665,
            "med": 841.097,
            "max": 8626.534,
            "p(90)": 3378.2806,
            "p(95)": 4029.733399999998,
            "avg": 1430.971987669763
        },
        "total_latency_ms": {
            "med": 2668,
            "max": 20548,
            "p(90)": 10096,
            "p(95)": 11424,
            "avg": 4670.970841109397,
            "min": 1,
            "thresholds": {
                "p(99)<60000": false
            }
        },
        "http_req_blocked": {
            "p(90)": 0.215,
            "p(95)": 0.344,
            "avg": 0.13525904707135314,
            "min": 0,
            "med": 0.002,
            "max": 222.995
        },
        "vus_max": {
            "value": 5000,
            "min": 500,
            "max": 5000
        },
        "iteration_duration": {
            "p(95)": 11422.57933815,
            "avg": 4676.922088830192,
            "min": 1.837875,
            "med": 2693.6052495000004,
            "max": 20547.407958,
            "p(90)": 10093.732220900001
        }
    },
    "root_group": {
        "name": "",
        "path": "",
        "id": "d41d8cd98f00b204e9800998ecf8427e",
        "groups": {},
        "checks": {}
    }
}