{
    "root_group": {
        "name": "",
        "path": "",
        "id": "d41d8cd98f00b204e9800998ecf8427e",
        "groups": {},
        "checks": {}
    },
    "metrics": {
        "http_req_duration{expected_response:true}": {
            "med": 11.734,
            "max": 9321.756,
            "p(90)": 2632.2697000000003,
            "p(95)": 3329.393299999999,
            "avg": 936.2397130972117,
            "min": 0.271
        },
        "http_req_tls_handshaking": {
            "max": 0,
            "p(90)": 0,
            "p(95)": 0,
            "avg": 0,
            "min": 0,
            "med": 0
        },
        "admit_wait_ms": {
            "p(90)": 2871,
            "p(95)": 3482.6999999999957,
            "avg": 1684.199151818465,
            "min": 0,
            "med": 1436,
            "max": 9052
        },
        "reserve_latency_ms": {
            "max": 8774.168,
            "p(90)": 3209.5682,
            "p(95)": 3803.6659,
            "avg": 1331.27208874754,
            "min": 0.667,
            "med": 1500.188
        },
        "data_sent": {
            "count": 52458263,
            "rate": 298330.8071812548
        },
        "admitted": {
            "count": 99507,
            "rate": 565.8975713737437
        },
        "vus": {
            "max": 5000,
            "value": 707,
            "min": 88
        },
        "http_req_receiving": {
            "avg": 1.0268404465645677,
            "min": 0,
            "med": 0.034,
            "max": 2235.518,
            "p(90)": 0.728,
            "p(95)": 1.833
        },
        "http_req_failed": {
            "passes": 56508,
            "fails": 291482,
            "value": 0.16238397655105033
        },
        "token_latency_ms": {
            "min": 0.284,
            "med": 1314.832,
            "max": 9321.756,
            "p(90)": 3095.8228,
            "p(95)": 3632.2272999999996,
            "avg": 1257.6844006451809
        },
        "total_latency_ms": {
            "med": 5091,
            "max": 14532,
            "p(90)": 8099,
            "p(95)": 9743,
            "avg": 4275.06041786005,
            "min": 1,
            "thresholds": {
                "p(99)<60000": false
            }
        },
        "http_req_duration": {
            "avg": 1079.0301265438716,
            "min": 0.271,
            "med": 67.987,
            "max": 9321.756,
            "p(90)": 2825.9476,
            "p(95)": 3522.5178999999994
        },
        "token_issued": {
            "count": 99507,
            "rate": 565.8975713737437
        },
        "reserve_failed": {
            "rate": 320.96930900100216,
            "count": 56439
        },
        "http_req_sending": {
            "p(95)": 0.249,
            "avg": 0.2015468662891896,
            "min": 0.001,
            "med": 0.009,
            "max": 492.905,
            "p(90)": 0.072
        },
        "vus_max": {
            "value": 5000,
            "min": 500,
            "max": 5000
        },
        "iterations": {
            "rate": 565.8975713737437,
            "count": 99507
        },
        "iteration_duration": {
            "med": 5090.802292,
            "max": 14531.728959,
            "p(90)": 8099.0272082,
            "p(95)": 9743.675070599997,
            "avg": 4275.138603138175,
            "min": 1.69775
        },
        "reserve_success": {
            "count": 43068,
            "rate": 244.92826237274156
        },
        "data_received": {
            "count": 74392906,
            "rate": 423073.40019129514
        },
        "http_req_connecting": {
            "p(90)": 0.194,
            "p(95)": 0.355,
            "avg": 0.1417310554901001,
            "min": 0,
            "med": 0,
            "max": 481.882
        },
        "dropped_iterations": {
            "count": 188968,
            "rate": 1074.6634133011105
        },
        "http_req_blocked": {
            "avg": 0.19667657116550114,
            "min": 0,
            "med": 0.002,
            "max": 529.762,
            "p(90)": 0.257,
            "p(95)": 0.527
        },
        "http_req_waiting": {
            "avg": 1077.8017392310346,
            "min": 0.254,
            "med": 67.74199999999999,
            "max": 9321.699,
            "p(90)": 2822.7278,
            "p(95)": 3517.595449999999
        },
        "http_reqs": {
            "count": 347990,
            "rate": 1979.023544698856
        }
    }
}