{
    "root_group": {
        "groups": {},
        "checks": {},
        "name": "",
        "path": "",
        "id": "d41d8cd98f00b204e9800998ecf8427e"
    },
    "metrics": {
        "total_latency_ms": {
            "avg": 3554.3275235413553,
            "min": 1,
            "med": 4105,
            "max": 12181,
            "p(90)": 6305,
            "p(95)": 7314.899999999995,
            "p(99)": 8620.179999999998,
            "thresholds": {
                "p(99)<60000": false
            }
        },
        "data_sent": {
            "rate": 444112.28286897024,
            "count": 77180455
        },
        "reserve_failed": {
            "rate": 426.933358030388,
            "count": 74195
        },
        "iterations": {
            "rate": 688.6807074486276,
            "count": 119683
        },
        "http_req_waiting": {
            "max": 9124.402,
            "p(90)": 1212.596,
            "p(95)": 1961.6536999999998,
            "p(99)": 3051.2041299999983,
            "avg": 468.8755866161786,
            "min": 0.259,
            "med": 213.058
        },
        "reserve_latency_ms": {
            "p(90)": 1653.4348,
            "p(95)": 2531.110299999996,
            "p(99)": 3418.1481799999997,
            "avg": 626.8577004420027,
            "min": 0.677,
            "med": 362.455,
            "max": 4717.846
        },
        "data_received": {
            "count": 113386539,
            "rate": 652449.5700615075
        },
        "vus": {
            "value": 11,
            "min": 11,
            "max": 5000
        },
        "reserve_success": {
            "count": 45488,
            "rate": 261.74734941823965
        },
        "admitted": {
            "count": 119683,
            "rate": 688.6807074486276
        },
        "http_req_duration": {
            "med": 213.524,
            "max": 9124.452,
            "p(90)": 1213.5132,
            "p(95)": 1962.3724999999997,
            "p(99)": 3053.066479999999,
            "avg": 469.29979313477867,
            "min": 0.273
        },
        "http_req_failed": {
            "passes": 74195,
            "fails": 459539,
            "value": 0.13901119284137792
        },
        "admit_timeout": {
            "count": 0,
            "rate": 0,
            "thresholds": {
                "count==0": false
            }
        },
        "http_reqs": {
            "count": 533734,
            "rate": 3071.215700720953
        },
        "http_req_receiving": {
            "p(99)": 4.941,
            "avg": 0.3803386574586204,
            "min": 0.003,
            "med": 0.016,
            "max": 628.787,
            "p(90)": 0.148,
            "p(95)": 0.397
        },
        "http_req_connecting": {
            "p(90)": 0.132,
            "p(95)": 0.202,
            "p(99)": 0.527,
            "avg": 0.04088647715903447,
            "min": 0,
            "med": 0,
            "max": 32.783
        },
        "http_req_sending": {
            "p(95)": 0.094,
            "p(99)": 0.602,
            "avg": 0.04386786114434606,
            "min": 0.001,
            "med": 0.007,
            "max": 83.25,
            "p(90)": 0.042
        },
        "vus_max": {
            "value": 5000,
            "min": 500,
            "max": 5000
        },
        "dropped_iterations": {
            "count": 168792,
            "rate": 971.2640389334221
        },
        "http_req_tls_handshaking": {
            "med": 0,
            "max": 0,
            "p(90)": 0,
            "p(95)": 0,
            "p(99)": 0,
            "avg": 0,
            "min": 0
        },
        "http_req_blocked": {
            "min": 0,
            "med": 0.002,
            "max": 40.579,
            "p(90)": 0.164,
            "p(95)": 0.262,
            "p(99)": 0.735,
            "avg": 0.05505654689426809
        },
        "http_req_duration{expected_response:true}": {
            "p(95)": 1602.8048999999978,
            "p(99)": 2848.78376,
            "avg": 404.9470326783982,
            "min": 0.273,
            "med": 144.219,
            "max": 9124.452,
            "p(90)": 999.8834000000003
        },
        "admit_wait_ms": {
            "avg": 2355.670521293751,
            "min": 0,
            "med": 2227,
            "max": 5933,
            "p(90)": 4147,
            "p(95)": 4368,
            "p(99)": 4748,
            "thresholds": {
                "p(95)<30000": false
            }
        },
        "token_latency_ms": {
            "p(95)": 2567.6695999999997,
            "p(99)": 3560.6197599999996,
            "avg": 571.2908053775415,
            "min": 0.274,
            "med": 195.038,
            "max": 9124.452,
            "p(90)": 1665.9304000000006
        },
        "token_issued": {
            "count": 119683,
            "rate": 688.6807074486276
        },
        "iteration_duration": {
            "max": 12181.684959,
            "p(90)": 6305.263033,
            "p(95)": 7314.938354099999,
            "p(99)": 8619.896336439999,
            "avg": 3554.345755494198,
            "min": 1.544208,
            "med": 4104.801833
        }
    }
}