{
    "root_group": {
        "name": "",
        "path": "",
        "id": "d41d8cd98f00b204e9800998ecf8427e",
        "groups": {},
        "checks": {}
    },
    "metrics": {
        "admitted": {
            "count": 82487,
            "rate": 822.3984705484149
        },
        "dropped_iterations": {
            "count": 0,
            "rate": 0,
            "thresholds": {
                "count<500": false
            }
        },
        "token_failed": {
            "rate": 0,
            "count": 0,
            "thresholds": {
                "count<1000": false
            }
        },
        "total_latency_ms": {
            "min": 4,
            "med": 209,
            "max": 2509,
            "p(90)": 388,
            "p(95)": 485,
            "p(99)": 1205,
            "avg": 236.05486925212458
        },
        "http_req_duration": {
            "med": 8.378499999999999,
            "max": 1387.873,
            "p(90)": 90.741,
            "p(95)": 106.66864999999996,
            "p(99)": 170.39105999999987,
            "avg": 31.45807750676722,
            "min": 0.546
        },
        "http_req_blocked": {
            "p(90)": 0.002,
            "p(95)": 0.004,
            "p(99)": 0.008,
            "avg": 0.0020875546565764305,
            "min": 0,
            "med": 0.001,
            "max": 1.243
        },
        "iterations": {
            "count": 82487,
            "rate": 822.3984705484149
        },
        "http_req_sending": {
            "p(99)": 0.026,
            "avg": 0.004748422023245952,
            "min": 0.001,
            "med": 0.003,
            "max": 1.066,
            "p(90)": 0.008,
            "p(95)": 0.013
        },
        "reserve_success": {
            "count": 50000,
            "rate": 498.50186729327953
        },
        "vus_max": {
            "value": 1200,
            "min": 1200,
            "max": 1200
        },
        "data_sent": {
            "count": 52942057,
            "rate": 527834.2854569448
        },
        "token_issued": {
            "count": 82487,
            "rate": 822.3984705484149
        },
        "http_req_connecting": {
            "p(95)": 0,
            "p(99)": 0,
            "avg": 0.000623587852107439,
            "min": 0,
            "med": 0,
            "max": 1.184,
            "p(90)": 0
        },
        "http_req_waiting": {
            "max": 1387.856,
            "p(90)": 90.721,
            "p(95)": 106.6422999999999,
            "p(99)": 170.37161999999987,
            "avg": 31.439822832326712,
            "min": 0.536,
            "med": 8.362
        },
        "iteration_duration": {
            "p(90)": 388.30273280000006,
            "p(95)": 484.93598760000003,
            "p(99)": 1205.22287524,
            "avg": 236.0469718972062,
            "min": 4.427458,
            "med": 208.663958,
            "max": 2508.382291
        },
        "reserve_conflict": {
            "count": 32487,
            "rate": 323.8966032551354
        },
        "http_reqs": {
            "count": 336190,
            "rate": 3351.8268553065527
        },
        "http_req_receiving": {
            "p(99)": 0.06,
            "avg": 0.013506252416783495,
            "min": 0.004,
            "med": 0.009,
            "max": 4.625,
            "p(90)": 0.028,
            "p(95)": 0.04
        },
        "data_received": {
            "count": 85822829,
            "rate": 855656.8102578364
        },
        "vus": {
            "value": 528,
            "min": 63,
            "max": 716
        },
        "http_req_duration{expected_response:true}": {
            "p(99)": 170.39105999999987,
            "avg": 31.45807750676722,
            "min": 0.546,
            "med": 8.378499999999999,
            "max": 1387.873,
            "p(90)": 90.741,
            "p(95)": 106.66864999999996
        },
        "admit_wait_ms": {
            "avg": 161.7271933759259,
            "min": 1,
            "med": 120,
            "max": 1855,
            "p(90)": 256,
            "p(95)": 295,
            "p(99)": 746.1399999999993
        },
        "http_req_failed": {
            "passes": 0,
            "fails": 336190,
            "value": 0
        },
        "token_latency_ms": {
            "p(99)": 151.65366,
            "avg": 30.92579205208104,
            "min": 0.561,
            "med": 10.152,
            "max": 1189.73,
            "p(90)": 87.2254,
            "p(95)": 108.33949999999997
        },
        "reserve_latency_ms": {
            "max": 1387.873,
            "p(90)": 98.33500000000001,
            "p(95)": 115.14739999999999,
            "p(99)": 344.8887199999999,
            "avg": 43.29882855480235,
            "min": 1.447,
            "med": 15.041
        },
        "http_req_tls_handshaking": {
            "p(90)": 0,
            "p(95)": 0,
            "p(99)": 0,
            "avg": 0,
            "min": 0,
            "med": 0,
            "max": 0
        }
    }
}