{
    "metrics": {
        "http_req_failed": {
            "passes": 77063,
            "fails": 288981,
            "value": 0.2105293352711696
        },
        "iteration_duration": {
            "min": 0.106042,
            "med": 906.271125,
            "max": 19890.50825,
            "p(90)": 6692.9327914000005,
            "p(95)": 9831.101616999997,
            "p(99)": 14358.92052148,
            "avg": 2298.018440584434
        },
        "iterations": {
            "count": 78957,
            "rate": 786.121591166971
        },
        "reserve_failed": {
            "count": 1507,
            "rate": 15.004182502990558
        },
        "http_reqs": {
            "count": 366044,
            "rate": 3644.453205125863
        },
        "http_req_duration": {
            "p(99)": 3051.6086599999962,
            "avg": 451.86995114249356,
            "min": 0,
            "med": 228.60950000000003,
            "max": 5017.933,
            "p(90)": 1115.7221000000002,
            "p(95)": 1593.4625999999987
        },
        "vus_max": {
            "min": 1200,
            "max": 3000,
            "value": 3000
        },
        "data_received": {
            "count": 74035100,
            "rate": 737117.5527718356
        },
        "admit_timeout": {
            "rate": 13.75964181760647,
            "count": 1382
        },
        "admit_wait_ms": {
            "min": 11,
            "med": 404,
            "max": 17835,
            "p(90)": 4807,
            "p(95)": 7012,
            "p(99)": 12020,
            "avg": 1463.3977721441192
        },
        "http_req_blocked": {
            "avg": 0.6837774775674968,
            "min": 0,
            "med": 0.002,
            "max": 111.373,
            "p(90)": 0.8,
            "p(95)": 1.759,
            "p(99)": 7.517
        },
        "reserve_latency_ms": {
            "p(95)": 1486.0321999999999,
            "p(99)": 2431.3948799999994,
            "avg": 466.7311991088577,
            "min": 0.026,
            "med": 302.87,
            "max": 4709.56,
            "p(90)": 1074.4096
        },
        "reserve_conflict": {
            "count": 14229,
            "rate": 141.66855529864142
        },
        "dropped_iterations": {
            "count": 3528,
            "rate": 35.12591630428048,
            "thresholds": {
                "count<500": true
            }
        },
        "http_req_waiting": {
            "max": 5017.921,
            "p(90)": 1115.0018,
            "p(95)": 1593.2766999999997,
            "p(99)": 3051.5905199999966,
            "avg": 451.761598316043,
            "min": 0,
            "med": 228.482
        },
        "token_issued": {
            "count": 66467,
            "rate": 661.7670858833931
        },
        "http_req_connecting": {
            "med": 0,
            "max": 111.363,
            "p(90)": 0.732,
            "p(95)": 1.675,
            "p(99)": 7.30970999999999,
            "avg": 0.6594231922938169,
            "min": 0
        },
        "http_req_tls_handshaking": {
            "min": 0,
            "med": 0,
            "max": 0,
            "p(90)": 0,
            "p(95)": 0,
            "p(99)": 0,
            "avg": 0
        },
        "data_sent": {
            "count": 54763057,
            "rate": 545238.8199400627
        },
        "reserve_success": {
            "count": 49349,
            "rate": 491.3347062641546
        },
        "token_failed": {
            "rate": 124.354505283578,
            "count": 12490,
            "thresholds": {
                "count<1000": true
            }
        },
        "http_req_duration{expected_response:true}": {
            "p(99)": 2829.4707999999982,
            "avg": 502.7013658026227,
            "min": 1.107,
            "med": 297.996,
            "max": 4972.456,
            "p(90)": 1162.964,
            "p(95)": 1575.6
        },
        "token_latency_ms": {
            "max": 5017.933,
            "p(90)": 1296.6900000000007,
            "p(95)": 2659.6323999999995,
            "p(99)": 4471.915679999999,
            "avg": 547.9446919335871,
            "min": 0,
            "med": 218.62
        },
        "http_req_sending": {
            "min": 0,
            "med": 0.006,
            "max": 80.459,
            "p(90)": 0.026,
            "p(95)": 0.049,
            "p(99)": 0.848,
            "avg": 0.09090068680270305
        },
        "total_latency_ms": {
            "avg": 2471.807328877622,
            "min": 83,
            "med": 1099,
            "max": 19891,
            "p(90)": 6746.600000000001,
            "p(95)": 9627.999999999985,
            "p(99)": 14655.639999999998
        },
        "http_req_receiving": {
            "p(90)": 0.033,
            "p(95)": 0.048,
            "p(99)": 0.107,
            "avg": 0.017452139633481325,
            "min": 0,
            "med": 0.009,
            "max": 24.631
        },
        "admitted": {
            "count": 65085,
            "rate": 648.0074440657866
        },
        "vus": {
            "value": 453,
            "min": 322,
            "max": 3000
        }
    },
    "root_group": {
        "checks": {},
        "name": "",
        "path": "",
        "id": "d41d8cd98f00b204e9800998ecf8427e",
        "groups": {}
    }
}