{
    "metrics": {
        "data_received": {
            "count": 90583079,
            "rate": 532835.0904391822
        },
        "http_req_connecting": {
            "avg": 0.0006893937555679579,
            "min": 0,
            "med": 0,
            "max": 1.209,
            "p(90)": 0,
            "p(95)": 0
        },
        "data_sent": {
            "count": 40558431,
            "rate": 238576.07280004615
        },
        "vus_max": {
            "value": 500,
            "min": 500,
            "max": 500
        },
        "http_req_tls_handshaking": {
            "p(90)": 0,
            "p(95)": 0,
            "avg": 0,
            "min": 0,
            "med": 0,
            "max": 0
        },
        "http_req_receiving": {
            "p(90)": 0.024,
            "p(95)": 0.037,
            "avg": 0.01440175609486562,
            "min": 0.003,
            "med": 0.011,
            "max": 3.782
        },
        "http_req_failed": {
            "passes": 288481,
            "fails": 0,
            "value": 1
        },
        "token_latency_ms": {
            "avg": 4.084225252269772,
            "min": 0.224,
            "med": 0.459,
            "max": 6004.755,
            "p(90)": 0.744,
            "p(95)": 0.906
        },
        "http_reqs": {
            "count": 288481,
            "rate": 1696.9261966132299
        },
        "http_req_sending": {
            "med": 0.004,
            "max": 3.522,
            "p(90)": 0.011,
            "p(95)": 0.016,
            "avg": 0.006296355739189353,
            "min": 0.001
        },
        "http_req_waiting": {
            "max": 6004.548,
            "p(90)": 0.717,
            "p(95)": 0.873,
            "avg": 4.063527140435783,
            "min": 0.215,
            "med": 0.442
        },
        "http_req_duration": {
            "p(95)": 0.906,
            "avg": 4.084225252269772,
            "min": 0.224,
            "med": 0.459,
            "max": 6004.755,
            "p(90)": 0.744
        },
        "http_req_blocked": {
            "p(90)": 0.003,
            "p(95)": 0.005,
            "avg": 0.002596562685220631,
            "min": 0,
            "med": 0.001,
            "max": 3.072
        },
        "iteration_duration": {
            "max": 6007.900458,
            "p(90)": 0.802541,
            "p(95)": 0.983125,
            "avg": 4.12710444751289,
            "min": 0.253917,
            "med": 0.4915
        },
        "iterations": {
            "count": 288481,
            "rate": 1696.9261966132299
        },
        "total_latency_ms": {
            "med": 0,
            "max": 0,
            "p(90)": 0,
            "p(95)": 0,
            "avg": 0,
            "min": 0,
            "thresholds": {
                "p(99)<60000": false
            }
        },
        "token_failed": {
            "count": 288481,
            "rate": 1696.9261966132299
        },
        "vus": {
            "min": 0,
            "max": 295,
            "value": 3
        }
    },
    "root_group": {
        "name": "",
        "path": "",
        "id": "d41d8cd98f00b204e9800998ecf8427e",
        "groups": {},
        "checks": {}
    }
}