{
    "root_group": {
        "name": "",
        "path": "",
        "id": "d41d8cd98f00b204e9800998ecf8427e",
        "groups": {},
        "checks": {}
    },
    "metrics": {
        "vus_max": {
            "value": 2773,
            "min": 1200,
            "max": 2773
        },
        "reserve_success": {
            "count": 50000,
            "rate": 496.9877078042278
        },
        "http_req_sending": {
            "max": 150.782,
            "p(90)": 0.015,
            "p(95)": 0.023,
            "p(99)": 0.067,
            "avg": 0.01582384906622507,
            "min": 0.001,
            "med": 0.004
        },
        "http_req_tls_handshaking": {
            "med": 0,
            "max": 0,
            "p(90)": 0,
            "p(95)": 0,
            "p(99)": 0,
            "avg": 0,
            "min": 0
        },
        "data_sent": {
            "count": 49951150,
            "rate": 496502.1508137031
        },
        "http_req_receiving": {
            "p(90)": 0.036,
            "p(95)": 0.049,
            "p(99)": 0.083,
            "avg": 0.017926639305140588,
            "min": 0,
            "med": 0.011,
            "max": 10.809
        },
        "http_req_duration{expected_response:true}": {
            "p(95)": 744.2509999999999,
            "p(99)": 1513.7692399999994,
            "avg": 211.01209560576586,
            "min": 0.594,
            "med": 95.377,
            "max": 4421.953,
            "p(90)": 496.5140000000001
        },
        "reserve_latency_ms": {
            "max": 3993.365,
            "p(90)": 711.647,
            "p(95)": 1177.783,
            "p(99)": 1876.4633999999994,
            "avg": 253.97069449025014,
            "min": 0.112,
            "med": 100.055
        },
        "http_reqs": {
            "count": 314310,
            "rate": 3124.164128798937
        },
        "http_req_duration": {
            "max": 5000.645,
            "p(90)": 501.7662000000001,
            "p(95)": 764.4374999999999,
            "p(99)": 1645.82258,
            "avg": 216.6064163691917,
            "min": 0.112,
            "med": 94.8325
        },
        "token_latency_ms": {
            "avg": 213.68769687635358,
            "min": 0.236,
            "med": 85.75,
            "max": 5000.645,
            "p(90)": 408.20520000000005,
            "p(95)": 731.0004999999998,
            "p(99)": 2893.21316
        },
        "iteration_duration": {
            "p(95)": 4877.749683799998,
            "p(99)": 6225.1895005,
            "avg": 934.954939648405,
            "min": 0.335875,
            "med": 358.881875,
            "max": 11454.239375,
            "p(90)": 2608.195725
        },
        "http_req_waiting": {
            "p(99)": 1645.8045899999997,
            "avg": 216.57266588081737,
            "min": 0.107,
            "med": 94.8075,
            "max": 5000.614,
            "p(90)": 501.74210000000005,
            "p(95)": 764.3194999999998
        },
        "dropped_iterations": {
            "count": 1651,
            "rate": 16.4105341116956,
            "thresholds": {
                "count<500": true
            }
        },
        "admit_wait_ms": {
            "avg": 479.78302136176535,
            "min": 1,
            "med": 192,
            "max": 8750,
            "p(90)": 1233,
            "p(95)": 2970,
            "p(99)": 4287
        },
        "vus": {
            "value": 1174,
            "min": 81,
            "max": 2756
        },
        "total_latency_ms": {
            "max": 11454,
            "p(90)": 2575,
            "p(95)": 4897,
            "p(99)": 6245,
            "avg": 930.9796956231669,
            "min": 4,
            "med": 359
        },
        "iterations": {
            "count": 80835,
            "rate": 803.4800272070951
        },
        "http_req_connecting": {
            "avg": 0.011783296745251432,
            "min": 0,
            "med": 0,
            "max": 8.293,
            "p(90)": 0,
            "p(95)": 0,
            "p(99)": 0.262
        },
        "token_issued": {
            "count": 79441,
            "rate": 789.6240099135132
        },
        "data_received": {
            "count": 79499015,
            "rate": 790200.6647508785
        },
        "reserve_conflict": {
            "count": 29237,
            "rate": 290.60859226144413
        },
        "http_req_blocked": {
            "min": 0,
            "med": 0.001,
            "max": 8.303,
            "p(90)": 0.006,
            "p(95)": 0.025,
            "p(99)": 0.306,
            "avg": 0.015711230950462077
        },
        "reserve_failed": {
            "count": 204,
            "rate": 2.0277098478412494
        },
        "token_failed": {
            "count": 1394,
            "rate": 13.856017293581871,
            "thresholds": {
                "count<1000": true
            }
        },
        "admitted": {
            "count": 79441,
            "rate": 789.6240099135132
        },
        "http_req_failed": {
            "passes": 3471,
            "fails": 310839,
            "value": 0.011043237568006108
        }
    }
}