{
    "metrics": {
        "data_sent": {
            "count": 46916608,
            "rate": 260380.54304134886
        },
        "token_latency_ms": {
            "avg": 1880.9377833354692,
            "min": 0,
            "med": 221.076,
            "max": 11973.664,
            "p(90)": 9999.983,
            "p(95)": 10000.495
        },
        "vus_max": {
            "value": 5000,
            "min": 500,
            "max": 5000
        },
        "dropped_iterations": {
            "count": 186652,
            "rate": 1035.892217948788
        },
        "http_req_blocked": {
            "max": 9905.607,
            "p(90)": 0.008,
            "p(95)": 0.184,
            "avg": 29.86309767977609,
            "min": 0,
            "med": 0.001
        },
        "http_req_connecting": {
            "avg": 21.408583909617352,
            "min": 0,
            "med": 0,
            "max": 9905.568,
            "p(90)": 0,
            "p(95)": 0.134
        },
        "http_req_duration{expected_response:true}": {
            "max": 11359.877,
            "p(90)": 582.86,
            "p(95)": 2360.733999999998,
            "avg": 443.5087489990434,
            "min": 0.627,
            "med": 176.876
        },
        "http_req_receiving": {
            "p(90)": 0.053,
            "p(95)": 0.106,
            "avg": 0.24054352978774474,
            "min": 0,
            "med": 0.013,
            "max": 905.496
        },
        "reserve_latency_ms": {
            "avg": 509.57332833319396,
            "min": 0,
            "med": 199.5405,
            "max": 11178.217,
            "p(90)": 786.1133000000001,
            "p(95)": 2303.3303499999993
        },
        "reserve_failed": {
            "count": 72798,
            "rate": 404.0186104742294
        },
        "data_received": {
            "count": 70108665,
            "rate": 389093.1813443122
        },
        "token_issued": {
            "count": 72798,
            "rate": 404.0186104742294
        },
        "token_failed": {
            "rate": 161.07354778693866,
            "count": 29023
        },
        "http_req_tls_handshaking": {
            "avg": 0,
            "min": 0,
            "med": 0,
            "max": 0,
            "p(90)": 0,
            "p(95)": 0
        },
        "admitted": {
            "count": 72798,
            "rate": 404.0186104742294
        },
        "http_reqs": {
            "count": 337941,
            "rate": 1875.5247842285717
        },
        "http_req_duration": {
            "p(90)": 2143.564,
            "p(95)": 5788.267,
            "avg": 860.7782672922051,
            "min": 0,
            "med": 141.231,
            "max": 11973.664
        },
        "http_req_waiting": {
            "max": 11973.638,
            "p(90)": 2101.03,
            "p(95)": 5782.033,
            "avg": 856.5032912461029,
            "min": 0,
            "med": 141.166
        },
        "http_req_failed": {
            "passes": 129890,
            "fails": 208051,
            "value": 0.3843570327364836
        },
        "admit_wait_ms": {
            "med": 515,
            "max": 53691,
            "p(90)": 1535.3000000000015,
            "p(95)": 4462.449999999991,
            "avg": 1537.774004780351,
            "min": 1
        },
        "iteration_duration": {
            "avg": 3526.0401082802277,
            "min": 1.092709,
            "med": 1186.605333,
            "max": 61293.107917,
            "p(90)": 10001.9955,
            "p(95)": 11250.069584
        },
        "iterations": {
            "count": 101821,
            "rate": 565.092158261168
        },
        "vus": {
            "min": 4,
            "max": 5000,
            "value": 4
        },
        "total_latency_ms": {
            "med": 1162,
            "max": 61294,
            "p(90)": 7931.200000000006,
            "p(95)": 15442.149999999996,
            "avg": 2788.9104370999203,
            "min": 3,
            "thresholds": {
                "p(99)<60000": false
            }
        },
        "http_req_sending": {
            "max": 6178.343,
            "p(90)": 0.023,
            "p(95)": 0.053,
            "avg": 4.034432516326781,
            "min": 0,
            "med": 0.005
        }
    },
    "root_group": {
        "id": "d41d8cd98f00b204e9800998ecf8427e",
        "groups": {},
        "checks": {},
        "name": "",
        "path": ""
    }
}