{
    "root_group": {
        "name": "",
        "path": "",
        "id": "d41d8cd98f00b204e9800998ecf8427e",
        "groups": {},
        "checks": {}
    },
    "metrics": {
        "http_req_duration": {
            "max": 9148.19,
            "p(90)": 2346.9191,
            "p(95)": 3558.5719999999997,
            "avg": 994.4698273336568,
            "min": 0.268,
            "med": 279.146
        },
        "vus_max": {
            "max": 5000,
            "value": 5000,
            "min": 500
        },
        "data_sent": {
            "count": 55491211,
            "rate": 319603.57695926784
        },
        "iterations": {
            "rate": 596.0600460330842,
            "count": 103491
        },
        "reserve_failed": {
            "count": 59743,
            "rate": 344.09190490143635
        },
        "total_latency_ms": {
            "min": 2,
            "med": 4298,
            "max": 14742,
            "p(90)": 8650,
            "p(95)": 9704,
            "avg": 4125.824757708399,
            "thresholds": {
                "p(99)<60000": false
            }
        },
        "http_reqs": {
            "count": 369464,
            "rate": 2127.9408726127626
        },
        "http_req_blocked": {
            "max": 722.158,
            "p(90)": 0.267,
            "p(95)": 0.561,
            "avg": 0.2579241306323549,
            "min": 0,
            "med": 0.002
        },
        "http_req_sending": {
            "avg": 0.216183016477932,
            "min": 0.001,
            "med": 0.01,
            "max": 586.506,
            "p(90)": 0.103,
            "p(95)": 0.365
        },
        "token_latency_ms": {
            "max": 9148.19,
            "p(90)": 2525.712,
            "p(95)": 3656.334,
            "avg": 1132.3642813674528,
            "min": 0.283,
            "med": 1211.067
        },
        "data_received": {
            "count": 78871495,
            "rate": 454263.1430790907
        },
        "admitted": {
            "count": 103491,
            "rate": 596.0600460330842
        },
        "http_req_waiting": {
            "med": 278.0315,
            "max": 9137.396,
            "p(90)": 2345.0086,
            "p(95)": 3557.12665,
            "avg": 993.2216504584912,
            "min": 0.248
        },
        "vus": {
            "value": 1321,
            "min": 92,
            "max": 5000
        },
        "http_req_connecting": {
            "med": 0,
            "max": 535.479,
            "p(90)": 0.193,
            "p(95)": 0.36,
            "avg": 0.2034021284888372,
            "min": 0
        },
        "token_issued": {
            "rate": 596.0600460330842,
            "count": 103491
        },
        "http_req_receiving": {
            "avg": 1.0319938586709392,
            "min": 0,
            "med": 0.038,
            "max": 1441.997,
            "p(90)": 0.792,
            "p(95)": 2.034
        },
        "http_req_failed": {
            "passes": 60259,
            "fails": 309205,
            "value": 0.1630984344888812
        },
        "iteration_duration": {
            "avg": 4125.901404919884,
            "min": 1.662375,
            "med": 4298.148708,
            "max": 14741.5235,
            "p(90)": 8650.152833,
            "p(95)": 9704.261417
        },
        "http_req_tls_handshaking": {
            "p(95)": 0,
            "avg": 0,
            "min": 0,
            "med": 0,
            "max": 0,
            "p(90)": 0
        },
        "reserve_latency_ms": {
            "med": 1295.201,
            "max": 7421.824,
            "p(90)": 2756.516,
            "p(95)": 4138.247999999999,
            "avg": 1243.9672108878915,
            "min": 0.654
        },
        "http_req_duration{expected_response:true}": {
            "med": 44.625,
            "max": 9148.19,
            "p(90)": 2178.6494,
            "p(95)": 3211.1737999999987,
            "avg": 856.9242465742824,
            "min": 0.268
        },
        "admit_wait_ms": {
            "max": 10939,
            "p(90)": 3233,
            "p(95)": 4011,
            "avg": 1747.378844537206,
            "min": 0,
            "med": 1393
        },
        "reserve_success": {
            "count": 43748,
            "rate": 251.96814113164785
        },
        "dropped_iterations": {
            "count": 184977,
            "rate": 1065.3815224035116
        }
    }
}