{
    "root_group": {
        "id": "d41d8cd98f00b204e9800998ecf8427e",
        "groups": {},
        "checks": {},
        "name": "",
        "path": ""
    },
    "metrics": {
        "http_req_sending": {
            "med": 0.008,
            "max": 297.973,
            "p(90)": 0.082,
            "p(95)": 0.355,
            "avg": 0.19148881743790344,
            "min": 0.001
        },
        "reserve_failed": {
            "count": 58085,
            "rate": 334.72819453991207
        },
        "http_reqs": {
            "count": 366374,
            "rate": 2111.314582876229
        },
        "http_req_duration{expected_response:true}": {
            "max": 9584.095,
            "p(90)": 2409.4128,
            "p(95)": 2897.5694999999996,
            "avg": 828.7618779152872,
            "min": 0.275,
            "med": 8.331
        },
        "token_issued": {
            "count": 101461,
            "rate": 584.6923878146513
        },
        "admit_wait_ms": {
            "max": 13705,
            "p(90)": 2921,
            "p(95)": 4287,
            "avg": 1813.6954987630716,
            "min": 0,
            "med": 1475
        },
        "reserve_latency_ms": {
            "med": 910.978,
            "max": 8094.084,
            "p(90)": 2808.924,
            "p(95)": 3215.45,
            "avg": 1213.878966755705,
            "min": 0.74
        },
        "iteration_duration": {
            "avg": 4171.156467240388,
            "min": 1.868875,
            "med": 4210.386,
            "max": 20946.74575,
            "p(90)": 7965.73425,
            "p(95)": 9640.104333
        },
        "admitted": {
            "count": 101461,
            "rate": 584.6923878146513
        },
        "total_latency_ms": {
            "p(90)": 7966,
            "p(95)": 9640,
            "avg": 4171.086870817358,
            "min": 2,
            "med": 4210,
            "max": 20947,
            "thresholds": {
                "p(99)<60000": false
            }
        },
        "token_latency_ms": {
            "avg": 1141.2986902947973,
            "min": 0.29,
            "med": 221.347,
            "max": 9584.095,
            "p(90)": 2777.616,
            "p(95)": 3223.538
        },
        "dropped_iterations": {
            "count": 187017,
            "rate": 1077.728548821051
        },
        "http_req_waiting": {
            "avg": 983.3801848002332,
            "min": 0.265,
            "med": 49.3715,
            "max": 9583.78,
            "p(90)": 2629.0579000000002,
            "p(95)": 3088.3492499999984
        },
        "http_req_duration": {
            "avg": 984.4944800913742,
            "min": 0.275,
            "med": 49.629999999999995,
            "max": 9584.095,
            "p(90)": 2631.6561,
            "p(95)": 3091.5265
        },
        "vus": {
            "max": 5000,
            "value": 1325,
            "min": 95
        },
        "http_req_blocked": {
            "avg": 0.3248459688732157,
            "min": 0,
            "med": 0.002,
            "max": 355.806,
            "p(90)": 0.267,
            "p(95)": 0.584
        },
        "http_req_receiving": {
            "avg": 0.9228064737126395,
            "min": 0,
            "med": 0.032,
            "max": 699.181,
            "p(90)": 0.823,
            "p(95)": 2.037
        },
        "reserve_success": {
            "count": 43376,
            "rate": 249.96419327473922
        },
        "http_req_connecting": {
            "avg": 0.27269656689612154,
            "min": 0,
            "med": 0,
            "max": 353.487,
            "p(90)": 0.197,
            "p(95)": 0.378
        },
        "http_req_tls_handshaking": {
            "min": 0,
            "med": 0,
            "max": 0,
            "p(90)": 0,
            "p(95)": 0,
            "avg": 0
        },
        "vus_max": {
            "max": 5000,
            "value": 5000,
            "min": 500
        },
        "data_sent": {
            "count": 54899999,
            "rate": 316373.89249398257
        },
        "data_received": {
            "count": 77873799,
            "rate": 448765.7078632007
        },
        "iterations": {
            "count": 101461,
            "rate": 584.6923878146513
        },
        "http_req_failed": {
            "passes": 59972,
            "fails": 306402,
            "value": 0.1636906549045511
        }
    }
}