{
    "root_group": {
        "name": "",
        "path": "",
        "id": "d41d8cd98f00b204e9800998ecf8427e",
        "groups": {},
        "checks": {}
    },
    "metrics": {
        "data_received": {
            "count": 56290517,
            "rate": 324883.7008989171
        },
        "iterations": {
            "count": 216458,
            "rate": 1249.298814028974
        },
        "server_5xx": {
            "passes": 167114,
            "fails": 49344,
            "thresholds": {
                "rate<0.10": true
            },
            "value": 0.7720389174805274
        },
        "http_reqs": {
            "count": 216458,
            "rate": 1249.298814028974
        },
        "http_req_sending": {
            "p(90)": 0.073,
            "p(95)": 0.151,
            "avg": 0.05432595237875636,
            "min": 0.002,
            "med": 0.016,
            "max": 14.634
        },
        "http_req_waiting": {
            "max": 6572.59,
            "p(90)": 2688.1631,
            "p(95)": 3053.1739499999994,
            "avg": 651.037230428075,
            "min": 0.597,
            "med": 18.142
        },
        "http_req_receiving": {
            "p(95)": 1.191,
            "avg": 0.26936366408263523,
            "min": 0.005,
            "med": 0.032,
            "max": 161.253,
            "p(90)": 0.521
        },
        "data_sent": {
            "count": 32916956,
            "rate": 189981.95535505234
        },
        "reserve_success": {
            "count": 49344,
            "rate": 284.7915100363382
        },
        "error_rate": {
            "passes": 167114,
            "fails": 49344,
            "value": 0.7720389174805274
        },
        "reserve_latency_ms": {
            "min": 0.623,
            "med": 18.308500000000002,
            "max": 6575.231,
            "p(90)": 2689.0802000000003,
            "p(95)": 3054.3602999999994,
            "avg": 651.3609200445323,
            "thresholds": {
                "p(99)<5000": false
            }
        },
        "http_req_duration": {
            "avg": 651.3609200445322,
            "min": 0.623,
            "med": 18.308500000000002,
            "max": 6575.231,
            "p(90)": 2689.0802000000003,
            "p(95)": 3054.3602999999994
        },
        "http_req_blocked": {
            "p(90)": 0.492,
            "p(95)": 0.846,
            "avg": 0.30489342505244843,
            "min": 0,
            "med": 0.157,
            "max": 66.246
        },
        "http_req_connecting": {
            "p(95)": 0.626,
            "avg": 0.24558174796034407,
            "min": 0,
            "med": 0.128,
            "max": 66.234,
            "p(90)": 0.369
        },
        "http_req_failed": {
            "passes": 167114,
            "fails": 49344,
            "value": 0.7720389174805274
        },
        "http_req_tls_handshaking": {
            "p(95)": 0,
            "avg": 0,
            "min": 0,
            "med": 0,
            "max": 0,
            "p(90)": 0
        },
        "http_req_duration{expected_response:true}": {
            "avg": 73.72865947227636,
            "min": 0.647,
            "med": 1.729,
            "max": 4498.555,
            "p(90)": 58.07340000000002,
            "p(95)": 176.8598499999995
        },
        "reserve_failed": {
            "count": 167114,
            "rate": 964.5073039926358
        },
        "vus": {
            "value": 327,
            "min": 0,
            "max": 5000
        },
        "vus_max": {
            "value": 5000,
            "min": 500,
            "max": 5000
        },
        "dropped_iterations": {
            "count": 72015,
            "rate": 415.6383875499938
        },
        "iteration_duration": {
            "avg": 651.908101200718,
            "min": 0.664917,
            "med": 18.878667,
            "max": 6577.620083,
            "p(90)": 2690.1279707000003,
            "p(95)": 3055.90681245
        }
    }
}