{
    "metrics": {
        "dropped_iterations": {
            "count": 85444,
            "rate": 496.1381281437268
        },
        "reserve_latency_ms": {
            "min": 0.772,
            "med": 10.599499999999999,
            "max": 5732.645,
            "p(90)": 3108.4411000000005,
            "p(95)": 3370.497,
            "avg": 803.0057497093866,
            "thresholds": {
                "p(99)<5000": false
            }
        },
        "http_req_receiving": {
            "avg": 0.24177782484484117,
            "min": 0.006,
            "med": 0.034,
            "max": 189.174,
            "p(90)": 0.399,
            "p(95)": 0.936
        },
        "http_req_failed": {
            "passes": 153899,
            "fails": 49121,
            "value": 0.7580484681312186
        },
        "http_req_connecting": {
            "p(90)": 0.344,
            "p(95)": 0.590049999999991,
            "avg": 0.22750865924539682,
            "min": 0,
            "med": 0.132,
            "max": 32.352
        },
        "data_sent": {
            "count": 30871015,
            "rate": 179255.27358266132
        },
        "vus": {
            "min": 0,
            "max": 5000,
            "value": 616
        },
        "reserve_success": {
            "count": 49121,
            "rate": 285.22542241173176
        },
        "error_rate": {
            "passes": 153899,
            "fails": 49121,
            "value": 0.7580484681312186
        },
        "vus_max": {
            "max": 5000,
            "value": 5000,
            "min": 500
        },
        "http_req_duration{expected_response:true}": {
            "p(95)": 197.107,
            "avg": 101.92968355693046,
            "min": 0.823,
            "med": 1.768,
            "max": 4674.211,
            "p(90)": 32.505
        },
        "http_req_tls_handshaking": {
            "avg": 0,
            "min": 0,
            "med": 0,
            "max": 0,
            "p(90)": 0,
            "p(95)": 0
        },
        "data_received": {
            "count": 52749382,
            "rate": 306293.94277208927
        },
        "iteration_duration": {
            "avg": 803.5152162581388,
            "min": 0.847041,
            "med": 11.013103999999998,
            "max": 5733.973417,
            "p(90)": 3109.8003667000003,
            "p(95)": 3371.3537538499995
        },
        "http_req_duration": {
            "avg": 803.0057497093866,
            "min": 0.772,
            "med": 10.599499999999999,
            "max": 5732.645,
            "p(90)": 3108.4411000000005,
            "p(95)": 3370.497
        },
        "http_req_sending": {
            "min": 0.002,
            "med": 0.018,
            "max": 43.144,
            "p(90)": 0.061,
            "p(95)": 0.121,
            "avg": 0.05490656585558974
        },
        "iterations": {
            "count": 203020,
            "rate": 1178.8535505797881
        },
        "server_5xx": {
            "passes": 153899,
            "fails": 49121,
            "thresholds": {
                "rate<0.10": true
            },
            "value": 0.7580484681312186
        },
        "http_req_blocked": {
            "p(95)": 0.799,
            "avg": 0.2849514185794713,
            "min": 0.001,
            "med": 0.162,
            "max": 43.288,
            "p(90)": 0.454
        },
        "http_req_waiting": {
            "med": 10.4845,
            "max": 5732.573,
            "p(90)": 3107.971,
            "p(95)": 3369.8057,
            "avg": 802.7090653186866,
            "min": 0.733
        },
        "http_reqs": {
            "count": 203020,
            "rate": 1178.8535505797881
        },
        "reserve_failed": {
            "count": 153899,
            "rate": 893.6281281680565
        }
    },
    "root_group": {
        "id": "d41d8cd98f00b204e9800998ecf8427e",
        "groups": {},
        "checks": {},
        "name": "",
        "path": ""
    }
}