{
    "root_group": {
        "name": "",
        "path": "",
        "id": "d41d8cd98f00b204e9800998ecf8427e",
        "groups": {},
        "checks": {}
    },
    "metrics": {
        "data_received": {
            "count": 42221817,
            "rate": 245355.8053772972
        },
        "dropped_iterations": {
            "count": 125400,
            "rate": 728.7137357047677
        },
        "server_5xx": {
            "fails": 48125,
            "passes": 114955,
            "thresholds": {
                "rate<0.10": true
            },
            "value": 0.7048994358597007
        },
        "error_rate": {
            "passes": 114955,
            "fails": 48125,
            "value": 0.7048994358597007
        },
        "http_req_duration": {
            "max": 7456.385,
            "p(90)": 3759.5147,
            "p(95)": 4168.6408,
            "avg": 1670.7397971118385,
            "min": 0.641,
            "med": 1194.202
        },
        "http_req_blocked": {
            "avg": 0.3650493009565925,
            "min": 0,
            "med": 0.179,
            "max": 69.837,
            "p(90)": 0.679,
            "p(95)": 1.267
        },
        "data_sent": {
            "count": 24775047,
            "rate": 143970.63039578308
        },
        "reserve_latency_ms": {
            "avg": 1670.739797111838,
            "min": 0.641,
            "med": 1194.202,
            "max": 7456.385,
            "p(90)": 3759.5147,
            "p(95)": 4168.6408,
            "thresholds": {
                "p(99)<5000": true
            }
        },
        "http_req_duration{expected_response:true}": {
            "avg": 559.3420952519448,
            "min": 0.642,
            "med": 2.375,
            "max": 7248.582,
            "p(90)": 2626.0988,
            "p(95)": 3397.8367999999996
        },
        "reserve_success": {
            "count": 48125,
            "rate": 279.6598766410841
        },
        "http_req_receiving": {
            "min": 0.004,
            "med": 0.052,
            "max": 496.124,
            "p(90)": 0.816,
            "p(95)": 1.841,
            "avg": 0.4732987429482539
        },
        "iterations": {
            "count": 163080,
            "rate": 947.6765232753869
        },
        "reserve_failed": {
            "count": 114955,
            "rate": 668.0166466343028
        },
        "vus_max": {
            "value": 5000,
            "min": 500,
            "max": 5000
        },
        "http_req_connecting": {
            "med": 0.145,
            "max": 51.287,
            "p(90)": 0.484,
            "p(95)": 0.887,
            "avg": 0.27487236938925896,
            "min": 0
        },
        "http_req_tls_handshaking": {
            "p(90)": 0,
            "p(95)": 0,
            "avg": 0,
            "min": 0,
            "med": 0,
            "max": 0
        },
        "http_reqs": {
            "count": 163080,
            "rate": 947.6765232753869
        },
        "vus": {
            "value": 229,
            "min": 0,
            "max": 5000
        },
        "http_req_sending": {
            "avg": 0.08135640176601051,
            "min": 0.002,
            "med": 0.018,
            "max": 83.287,
            "p(90)": 0.092,
            "p(95)": 0.212
        },
        "http_req_waiting": {
            "avg": 1670.1851419671234,
            "min": 0.605,
            "med": 1193.317,
            "max": 7455.77,
            "p(90)": 3758.2969000000003,
            "p(95)": 4166.897649999999
        },
        "http_req_failed": {
            "passes": 114955,
            "fails": 48125,
            "value": 0.7048994358597007
        },
        "iteration_duration": {
            "p(95)": 4169.8197497,
            "avg": 1671.514956443079,
            "min": 0.719416,
            "med": 1195.1347289999999,
            "max": 7456.983334,
            "p(90)": 3760.8081122000003
        }
    }
}