{
    "root_group": {
        "name": "",
        "path": "",
        "id": "d41d8cd98f00b204e9800998ecf8427e",
        "groups": {},
        "checks": {}
    },
    "metrics": {
        "iterations": {
            "count": 102721,
            "rate": 582.2104957020679
        },
        "reserve_failed": {
            "count": 60217,
            "rate": 341.3028438166628
        },
        "http_req_duration": {
            "avg": 4006.1857497201095,
            "min": 0.6,
            "med": 4546.235,
            "max": 10024.039,
            "p(90)": 9481.518,
            "p(95)": 9999.944
        },
        "http_req_sending": {
            "p(90)": 0.044,
            "p(95)": 0.065,
            "avg": 0.028542391526565385,
            "min": 0.002,
            "med": 0.013,
            "max": 56.527
        },
        "http_req_waiting": {
            "p(90)": 9480.746,
            "p(95)": 9999.896,
            "avg": 4005.828845406483,
            "min": 0.566,
            "med": 4545.986,
            "max": 10023.581
        },
        "error_rate": {
            "passes": 60217,
            "fails": 42504,
            "value": 0.5862189815130304
        },
        "data_sent": {
            "count": 15579632,
            "rate": 88303.51407770367
        },
        "http_req_connecting": {
            "max": 21.311,
            "p(90)": 0.231,
            "p(95)": 0.312,
            "avg": 0.13180598903826826,
            "min": 0,
            "med": 0.102
        },
        "http_req_receiving": {
            "avg": 0.3283619220996702,
            "min": 0,
            "med": 0.037,
            "max": 174.827,
            "p(90)": 0.197,
            "p(95)": 0.416
        },
        "data_received": {
            "count": 24760853,
            "rate": 140341.59031878615
        },
        "vus": {
            "value": 415,
            "min": 0,
            "max": 5000
        },
        "reserve_latency_ms": {
            "avg": 4006.18574972011,
            "min": 0.6,
            "med": 4546.235,
            "max": 10024.039,
            "p(90)": 9481.518,
            "p(95)": 9999.944,
            "thresholds": {
                "p(99)<5000": true
            }
        },
        "http_req_duration{expected_response:true}": {
            "p(95)": 8291.527699999999,
            "avg": 1975.7787908196901,
            "min": 0.62,
            "med": 4.532,
            "max": 10000.279,
            "p(90)": 6480.5647
        },
        "http_req_blocked": {
            "avg": 0.15906407647903584,
            "min": 0,
            "med": 0.119,
            "max": 29.963,
            "p(90)": 0.29,
            "p(95)": 0.402
        },
        "http_req_failed": {
            "passes": 60217,
            "fails": 42504,
            "value": 0.5862189815130304
        },
        "reserve_success": {
            "count": 42504,
            "rate": 240.90765188540504
        },
        "http_req_tls_handshaking": {
            "avg": 0,
            "min": 0,
            "med": 0,
            "max": 0,
            "p(90)": 0,
            "p(95)": 0
        },
        "dropped_iterations": {
            "count": 185755,
            "rate": 1052.8374006204926
        },
        "http_reqs": {
            "count": 102721,
            "rate": 582.2104957020679
        },
        "server_5xx": {
            "passes": 54039,
            "fails": 48682,
            "thresholds": {
                "rate<0.10": true
            },
            "value": 0.5260754860252529
        },
        "iteration_duration": {
            "avg": 4006.5257990188784,
            "min": 0.632791,
            "med": 4546.519708,
            "max": 10024.826958,
            "p(90)": 9482.008375,
            "p(95)": 10000.233708
        },
        "vus_max": {
            "min": 500,
            "max": 5000,
            "value": 5000
        }
    }
}