{
    "metrics": {
        "token_failed": {
            "count": 101,
            "rate": 0.5802957265161157
        },
        "http_req_blocked": {
            "p(90)": 0.255,
            "p(95)": 0.548,
            "avg": 0.25285301474990357,
            "min": 0,
            "med": 0.002,
            "max": 335.037
        },
        "data_sent": {
            "count": 52341938,
            "rate": 300730.7221680345
        },
        "http_req_receiving": {
            "min": 0,
            "med": 0.026,
            "max": 840.39,
            "p(90)": 0.718,
            "p(95)": 1.689,
            "avg": 0.9780246962767815
        },
        "admitted": {
            "count": 94203,
            "rate": 541.2435477722539
        },
        "data_received": {
            "count": 74318444,
            "rate": 426996.7866784877
        },
        "total_latency_ms": {
            "min": 1,
            "med": 2356,
            "max": 25002,
            "p(90)": 10468.800000000003,
            "p(95)": 12337.899999999996,
            "avg": 4565.95161512903,
            "thresholds": {
                "p(99)<60000": false
            }
        },
        "http_req_waiting": {
            "avg": 1028.4732839160856,
            "min": 0.258,
            "med": 32.766,
            "max": 10017.395,
            "p(90)": 2714.7258,
            "p(95)": 3518.4375999999993
        },
        "http_req_failed": {
            "passes": 54821,
            "fails": 296568,
            "value": 0.1560122826838632
        },
        "vus_max": {
            "value": 5000,
            "min": 500,
            "max": 5000
        },
        "http_req_connecting": {
            "avg": 0.1973056356345833,
            "min": 0,
            "med": 0,
            "max": 205.306,
            "p(90)": 0.187,
            "p(95)": 0.353
        },
        "token_issued": {
            "rate": 541.2435477722539,
            "count": 94203
        },
        "iterations": {
            "count": 94304,
            "rate": 541.8238434987701
        },
        "http_reqs": {
            "count": 351389,
            "rate": 2018.906287571994
        },
        "http_req_duration": {
            "min": 0.277,
            "med": 33.007,
            "max": 10017.445,
            "p(90)": 2717.4442000000004,
            "p(95)": 3522.0161999999978,
            "avg": 1029.6450638010901
        },
        "token_latency_ms": {
            "p(95)": 5064.240149999997,
            "avg": 1263.7140152591628,
            "min": 0.282,
            "med": 79.5895,
            "max": 10017.445,
            "p(90)": 2934.1525000000006
        },
        "dropped_iterations": {
            "count": 194171,
            "rate": 1115.6099159738683
        },
        "http_req_sending": {
            "med": 0.008,
            "max": 224.404,
            "p(90)": 0.089,
            "p(95)": 0.325,
            "avg": 0.1937551886939737,
            "min": 0.001
        },
        "admit_wait_ms": {
            "med": 1666,
            "max": 20586,
            "p(90)": 3313,
            "p(95)": 4880,
            "avg": 1986.683821109731,
            "min": 0
        },
        "reserve_success": {
            "rate": 243.6092950919139,
            "count": 42400
        },
        "iteration_duration": {
            "avg": 4571.837803413909,
            "min": 1.676125,
            "med": 2361.3691665,
            "max": 25001.74725,
            "p(90)": 10460.0480838,
            "p(95)": 12336.8897786
        },
        "http_req_tls_handshaking": {
            "max": 0,
            "p(90)": 0,
            "p(95)": 0,
            "avg": 0,
            "min": 0,
            "med": 0
        },
        "reserve_latency_ms": {
            "min": 0.708,
            "med": 263.97,
            "max": 9133.063,
            "p(90)": 3060.2766,
            "p(95)": 3851.9963999999977,
            "avg": 1323.069710083552
        },
        "vus": {
            "value": 114,
            "min": 85,
            "max": 5000
        },
        "http_req_duration{expected_response:true}": {
            "min": 0.277,
            "med": 9.787,
            "max": 9935.038,
            "p(90)": 2470.1307,
            "p(95)": 3002.9663999999993,
            "avg": 844.7377140992993
        },
        "reserve_failed": {
            "count": 51803,
            "rate": 297.63425268034
        }
    },
    "root_group": {
        "name": "",
        "path": "",
        "id": "d41d8cd98f00b204e9800998ecf8427e",
        "groups": {},
        "checks": {}
    }
}