{
    "metrics": {
        "http_req_waiting": {
            "avg": 3797.0676674419756,
            "min": 0.561,
            "med": 4.471500000000001,
            "max": 10116.238,
            "p(90)": 10000.013,
            "p(95)": 10000.209
        },
        "dropped_iterations": {
            "count": 190456,
            "rate": 1062.5182974586965
        },
        "error_rate": {
            "passes": 58237,
            "fails": 39785,
            "value": 0.5941217277753974
        },
        "http_req_duration{expected_response:true}": {
            "min": 0.614,
            "med": 1.145,
            "max": 10000.481,
            "p(90)": 8059.357800000002,
            "p(95)": 9304.329999999998,
            "avg": 1223.2257423400717
        },
        "vus": {
            "max": 5000,
            "value": 334,
            "min": 0
        },
        "data_sent": {
            "rate": 82919.85267762271,
            "count": 14863352
        },
        "data_received": {
            "count": 21258232,
            "rate": 118595.688619009
        },
        "http_reqs": {
            "count": 98022,
            "rate": 546.8463506190215
        },
        "http_req_connecting": {
            "avg": 0.1274739242210918,
            "min": 0,
            "med": 0.101,
            "max": 23.984,
            "p(90)": 0.212,
            "p(95)": 0.284
        },
        "reserve_success": {
            "count": 39785,
            "rate": 221.95305196157767
        },
        "reserve_latency_ms": {
            "avg": 3797.419527279613,
            "min": 0.577,
            "med": 4.5649999999999995,
            "max": 10116.249,
            "p(90)": 10000.035,
            "p(95)": 10000.231,
            "thresholds": {
                "p(99)<5000": true
            }
        },
        "http_req_sending": {
            "avg": 0.028894646099854374,
            "min": 0.002,
            "med": 0.011,
            "max": 31.672,
            "p(90)": 0.038,
            "p(95)": 0.056
        },
        "vus_max": {
            "value": 5000,
            "min": 500,
            "max": 5000
        },
        "reserve_failed": {
            "count": 58237,
            "rate": 324.8932986574437
        },
        "http_req_failed": {
            "passes": 58237,
            "fails": 39785,
            "value": 0.5941217277753974
        },
        "server_5xx": {
            "passes": 43307,
            "fails": 54715,
            "thresholds": {
                "rate<0.10": true
            },
            "value": 0.441808981657179
        },
        "http_req_blocked": {
            "max": 31.348,
            "p(90)": 0.266,
            "p(95)": 0.365,
            "avg": 0.16004011344393795,
            "min": 0,
            "med": 0.118
        },
        "http_req_receiving": {
            "p(90)": 0.128,
            "p(95)": 0.261,
            "avg": 0.3229651914876213,
            "min": 0,
            "med": 0.019,
            "max": 199.945
        },
        "http_req_tls_handshaking": {
            "avg": 0,
            "min": 0,
            "med": 0,
            "max": 0,
            "p(90)": 0,
            "p(95)": 0
        },
        "iteration_duration": {
            "avg": 3797.7824316909546,
            "min": 0.610417,
            "med": 4.885625,
            "max": 10124.468917,
            "p(90)": 10000.3730369,
            "p(95)": 10000.851618749999
        },
        "iterations": {
            "count": 98022,
            "rate": 546.8463506190215
        },
        "http_req_duration": {
            "avg": 3797.419527279613,
            "min": 0.577,
            "med": 4.5649999999999995,
            "max": 10116.249,
            "p(90)": 10000.035,
            "p(95)": 10000.231
        }
    },
    "root_group": {
        "checks": {},
        "name": "",
        "path": "",
        "id": "d41d8cd98f00b204e9800998ecf8427e",
        "groups": {}
    }
}