{
    "root_group": {
        "checks": {},
        "name": "",
        "path": "",
        "id": "d41d8cd98f00b204e9800998ecf8427e",
        "groups": {}
    },
    "metrics": {
        "dropped_iterations": {
            "count": 224387,
            "rate": 1222.2619855627354
        },
        "http_req_connecting": {
            "p(90)": 0.151,
            "p(95)": 0.21,
            "avg": 0.07299743363865992,
            "min": 0,
            "med": 0,
            "max": 80.098
        },
        "data_received": {
            "count": 46006335,
            "rate": 250601.8368513522
        },
        "http_req_duration{expected_response:true}": {
            "p(95)": 6475.379549999999,
            "avg": 1817.4554667816951,
            "min": 0.273,
            "med": 502.77700000000004,
            "max": 9994.392,
            "p(90)": 5002.7759
        },
        "token_latency_ms": {
            "p(90)": 6479.176,
            "p(95)": 7105.3305,
            "avg": 2437.689473717061,
            "min": 0.289,
            "med": 1105.906,
            "max": 10000.52
        },
        "http_req_sending": {
            "avg": 0.05496478556725519,
            "min": 0.001,
            "med": 0.007,
            "max": 74.581,
            "p(90)": 0.033,
            "p(95)": 0.065
        },
        "vus": {
            "value": 235,
            "min": 94,
            "max": 5000
        },
        "total_latency_ms": {
            "avg": 8030.379003058868,
            "min": 2,
            "med": 4565.5,
            "max": 57219,
            "p(90)": 16218.500000000002,
            "p(95)": 19310.499999999993,
            "thresholds": {
                "p(99)<60000": false
            }
        },
        "http_req_waiting": {
            "avg": 2176.172488224402,
            "min": 0.265,
            "med": 1077.8915,
            "max": 10069.78,
            "p(90)": 5494.4251,
            "p(95)": 6878.7489
        },
        "vus_max": {
            "value": 5000,
            "min": 500,
            "max": 5000
        },
        "reserve_latency_ms": {
            "avg": 2826.1137564142728,
            "min": 0.648,
            "med": 2083.4645,
            "max": 10069.965,
            "p(90)": 7019.709,
            "p(95)": 7905.0869999999995
        },
        "http_req_duration": {
            "p(95)": 6879.781199999998,
            "avg": 2176.9726814116398,
            "min": 0.273,
            "med": 1078.1335,
            "max": 10069.965,
            "p(90)": 5495.1008
        },
        "http_req_blocked": {
            "min": 0,
            "med": 0.001,
            "max": 83.324,
            "p(90)": 0.18,
            "p(95)": 0.26,
            "avg": 0.09124337734957932
        },
        "data_sent": {
            "count": 33571210,
            "rate": 182866.27029348206
        },
        "http_req_receiving": {
            "med": 0.023,
            "max": 1280.467,
            "p(90)": 0.242,
            "p(95)": 0.617,
            "avg": 0.7452284016647539,
            "min": 0
        },
        "reserve_failed": {
            "count": 28101,
            "rate": 153.0694026672598
        },
        "iteration_duration": {
            "p(95)": 19309.990979,
            "avg": 8030.838428951685,
            "min": 1.657,
            "med": 4570.653708,
            "max": 57218.837791,
            "p(90)": 16217.783667
        },
        "iterations": {
            "count": 64091,
            "rate": 349.1111023218871
        },
        "token_failed": {
            "rate": 0.08170673783882769,
            "count": 15
        },
        "http_reqs": {
            "count": 222494,
            "rate": 1211.9505952474753
        },
        "admit_wait_ms": {
            "p(95)": 9500,
            "avg": 2767.7141363380983,
            "min": 0,
            "med": 1387,
            "max": 46680,
            "p(90)": 4892
        },
        "http_req_failed": {
            "passes": 34676,
            "fails": 187818,
            "value": 0.15585139374544932
        },
        "token_issued": {
            "count": 64076,
            "rate": 349.02939558404825
        },
        "reserve_success": {
            "count": 35975,
            "rate": 195.95999291678842
        },
        "http_req_tls_handshaking": {
            "avg": 0,
            "min": 0,
            "med": 0,
            "max": 0,
            "p(90)": 0,
            "p(95)": 0
        },
        "admitted": {
            "count": 64076,
            "rate": 349.02939558404825
        }
    }
}