{
    "root_group": {
        "path": "",
        "id": "d41d8cd98f00b204e9800998ecf8427e",
        "groups": {},
        "checks": {},
        "name": ""
    },
    "metrics": {
        "http_req_tls_handshaking": {
            "med": 0,
            "max": 0,
            "p(90)": 0,
            "p(95)": 0,
            "avg": 0,
            "min": 0
        },
        "http_req_duration{expected_response:true}": {
            "p(90)": 17.6539,
            "p(95)": 70.85429999999997,
            "avg": 46.21627572132872,
            "min": 0.614,
            "med": 1.313,
            "max": 6026.712
        },
        "data_sent": {
            "count": 35107940,
            "rate": 204620.40160861472
        },
        "error_rate": {
            "passes": 181366,
            "fails": 49492,
            "value": 0.7856171326096562
        },
        "dropped_iterations": {
            "count": 57620,
            "rate": 335.827950619956
        },
        "vus_max": {
            "value": 5000,
            "min": 500,
            "max": 5000
        },
        "http_req_connecting": {
            "min": 0,
            "med": 0.113,
            "max": 33.561,
            "p(90)": 0.256,
            "p(95)": 0.411,
            "avg": 0.20032424693968065
        },
        "http_req_failed": {
            "passes": 181366,
            "fails": 49492,
            "value": 0.7856171326096562
        },
        "http_req_receiving": {
            "avg": 0.11862249954518689,
            "min": 0.005,
            "med": 0.022,
            "max": 75.48,
            "p(90)": 0.161,
            "p(95)": 0.362
        },
        "server_5xx": {
            "passes": 181366,
            "fails": 49492,
            "thresholds": {
                "rate<0.10": true
            },
            "value": 0.7856171326096562
        },
        "http_req_waiting": {
            "avg": 516.2628585624008,
            "min": 0.545,
            "med": 8.247,
            "max": 9586.164,
            "p(90)": 2361.6671,
            "p(95)": 2607.896299999999
        },
        "reserve_failed": {
            "count": 181366,
            "rate": 1057.0595642509363
        },
        "http_reqs": {
            "rate": 1345.514908438421,
            "count": 230858
        },
        "vus": {
            "value": 2013,
            "min": 0,
            "max": 5000
        },
        "http_req_duration": {
            "avg": 516.4076445434006,
            "min": 0.577,
            "med": 8.3255,
            "max": 9586.234,
            "p(90)": 2361.8362,
            "p(95)": 2608.8096
        },
        "data_received": {
            "count": 60086138,
            "rate": 350201.3985631355
        },
        "http_req_blocked": {
            "avg": 0.22909858441121553,
            "min": 0,
            "med": 0.134,
            "max": 33.578,
            "p(90)": 0.312,
            "p(95)": 0.5
        },
        "reserve_success": {
            "count": 49492,
            "rate": 288.4553441874846
        },
        "iterations": {
            "count": 230858,
            "rate": 1345.514908438421
        },
        "reserve_latency_ms": {
            "avg": 516.4076445434006,
            "min": 0.577,
            "med": 8.3255,
            "max": 9586.234,
            "p(90)": 2361.8362,
            "p(95)": 2608.8096,
            "thresholds": {
                "p(99)<5000": false
            }
        },
        "http_req_sending": {
            "p(90)": 0.041,
            "p(95)": 0.065,
            "avg": 0.02616348144746979,
            "min": 0.002,
            "med": 0.012,
            "max": 12.637
        },
        "iteration_duration": {
            "min": 0.641583,
            "med": 8.628916499999999,
            "max": 9586.477083,
            "p(90)": 2362.3425715,
            "p(95)": 2609.2676857999995,
            "avg": 516.7222448481956
        }
    }
}