{
    "root_group": {
        "path": "",
        "id": "d41d8cd98f00b204e9800998ecf8427e",
        "groups": {},
        "checks": {},
        "name": ""
    },
    "metrics": {
        "reserve_latency_ms": {
            "med": 20.97,
            "max": 8652.474,
            "p(90)": 3332.6402000000003,
            "p(95)": 3605.505399999999,
            "avg": 889.8246306292854,
            "min": 0.592,
            "thresholds": {
                "p(99)<5000": true
            }
        },
        "http_req_receiving": {
            "avg": 0.3043192002846648,
            "min": 0.005,
            "med": 0.03,
            "max": 378.3,
            "p(90)": 0.5462000000000043,
            "p(95)": 1.291
        },
        "http_req_duration": {
            "avg": 889.8246306292854,
            "min": 0.592,
            "med": 20.97,
            "max": 8652.474,
            "p(90)": 3332.6402000000003,
            "p(95)": 3605.505399999999
        },
        "http_req_connecting": {
            "avg": 0.2610707872874711,
            "min": 0,
            "med": 0.13,
            "max": 43.12,
            "p(90)": 0.424,
            "p(95)": 0.743
        },
        "http_req_duration{expected_response:true}": {
            "avg": 134.67789350139932,
            "min": 0.632,
            "med": 1.515,
            "max": 6638.266,
            "p(90)": 105.22760000000004,
            "p(95)": 394.6765999999999
        },
        "vus": {
            "max": 5000,
            "value": 1247,
            "min": 0
        },
        "http_req_blocked": {
            "p(95)": 1.015,
            "avg": 0.32937535259568296,
            "min": 0,
            "med": 0.159,
            "max": 82.966,
            "p(90)": 0.572
        },
        "reserve_success": {
            "count": 48949,
            "rate": 283.0142424695859
        },
        "iterations": {
            "rate": 1121.2044962197313,
            "count": 193919
        },
        "http_req_waiting": {
            "avg": 889.4580904449766,
            "min": 0.571,
            "med": 20.813,
            "max": 8652.179,
            "p(90)": 3331.8826,
            "p(95)": 3604.7655
        },
        "data_received": {
            "count": 50350679,
            "rate": 291118.49629235093
        },
        "iteration_duration": {
            "p(95)": 3606.8903505999997,
            "avg": 890.4425900370587,
            "min": 0.633792,
            "med": 21.526,
            "max": 8652.78325,
            "p(90)": 3333.9223996000005
        },
        "http_reqs": {
            "count": 193919,
            "rate": 1121.2044962197313
        },
        "vus_max": {
            "value": 5000,
            "min": 500,
            "max": 5000
        },
        "error_rate": {
            "passes": 144970,
            "fails": 48949,
            "value": 0.7475801752278013
        },
        "data_sent": {
            "count": 29479669,
            "rate": 170446.1008455563
        },
        "http_req_tls_handshaking": {
            "avg": 0,
            "min": 0,
            "med": 0,
            "max": 0,
            "p(90)": 0,
            "p(95)": 0
        },
        "http_req_failed": {
            "passes": 144970,
            "fails": 48949,
            "value": 0.7475801752278013
        },
        "dropped_iterations": {
            "count": 94554,
            "rate": 546.6940832799286
        },
        "reserve_failed": {
            "count": 144970,
            "rate": 838.1902537501454
        },
        "server_5xx": {
            "passes": 144970,
            "fails": 48949,
            "thresholds": {
                "rate<0.10": true
            },
            "value": 0.7475801752278013
        },
        "http_req_sending": {
            "min": 0.002,
            "med": 0.014,
            "max": 54.113,
            "p(90)": 0.071,
            "p(95)": 0.154,
            "avg": 0.062220984019105016
        }
    }
}