{
    "root_group": {
        "name": "",
        "path": "",
        "id": "d41d8cd98f00b204e9800998ecf8427e",
        "groups": {},
        "checks": {}
    },
    "metrics": {
        "iteration_duration": {
            "avg": 5549.117031068131,
            "min": 1.624375,
            "med": 4436.7557085,
            "max": 21721.688291,
            "p(90)": 11200.4211878,
            "p(95)": 12394.6033481
        },
        "total_latency_ms": {
            "med": 4211.5,
            "max": 21721,
            "p(90)": 11203,
            "p(95)": 12397,
            "avg": 5537.427551688198,
            "min": 2,
            "thresholds": {
                "p(99)<60000": false
            }
        },
        "vus_max": {
            "max": 5000,
            "value": 5000,
            "min": 500
        },
        "admit_wait_ms": {
            "avg": 2115.3454565285892,
            "min": 0,
            "med": 1403,
            "max": 15603,
            "p(90)": 3768,
            "p(95)": 4394
        },
        "token_failed": {
            "count": 216,
            "rate": 1.2159324301845094
        },
        "http_reqs": {
            "count": 290853,
            "rate": 1637.3036810946996
        },
        "http_req_connecting": {
            "avg": 0.0710634753638431,
            "min": 0,
            "med": 0,
            "max": 109.955,
            "p(90)": 0.154,
            "p(95)": 0.228
        },
        "http_req_failed": {
            "passes": 43662,
            "fails": 247191,
            "value": 0.15011706944745284
        },
        "http_req_waiting": {
            "avg": 1428.8324727886422,
            "min": 0.272,
            "med": 182.939,
            "max": 10009.525,
            "p(90)": 3889.7232,
            "p(95)": 4439.1248
        },
        "data_received": {
            "rate": 347617.20307957404,
            "count": 61751224
        },
        "vus": {
            "value": 789,
            "min": 95,
            "max": 5000
        },
        "http_req_sending": {
            "avg": 0.06340933392470409,
            "min": 0.001,
            "med": 0.007,
            "max": 83.412,
            "p(90)": 0.045,
            "p(95)": 0.1
        },
        "reserve_success": {
            "count": 40397,
            "rate": 227.4075110285353
        },
        "data_sent": {
            "rate": 246433.91505754992,
            "count": 43776878
        },
        "reserve_failed": {
            "count": 42117,
            "rate": 237.0899359355601
        },
        "http_req_duration": {
            "max": 10009.624,
            "p(90)": 3891.2836,
            "p(95)": 4441.365799999999,
            "avg": 1429.6701340952313,
            "min": 0.28,
            "med": 183.291
        },
        "http_req_duration{expected_response:true}": {
            "max": 8188.986,
            "p(90)": 3591.689,
            "p(95)": 4102.0225,
            "avg": 1211.17943587348,
            "min": 0.28,
            "med": 94.664
        },
        "token_issued": {
            "count": 82514,
            "rate": 464.4974469640954
        },
        "iterations": {
            "count": 82730,
            "rate": 465.7133793942799
        },
        "http_req_tls_handshaking": {
            "avg": 0,
            "min": 0,
            "med": 0,
            "max": 0,
            "p(90)": 0,
            "p(95)": 0
        },
        "token_latency_ms": {
            "p(90)": 3995.726,
            "p(95)": 4607.639699999999,
            "avg": 1626.999373649246,
            "min": 0.292,
            "med": 377.477,
            "max": 10009.624
        },
        "reserve_latency_ms": {
            "med": 1286.411,
            "max": 8483.869,
            "p(90)": 4245.7514,
            "p(95)": 4778.1408,
            "avg": 1816.050089899917,
            "min": 0.7
        },
        "http_req_blocked": {
            "avg": 0.09469124265532408,
            "min": 0,
            "med": 0.002,
            "max": 110.367,
            "p(90)": 0.193,
            "p(95)": 0.305
        },
        "http_req_receiving": {
            "avg": 0.7742519726459822,
            "min": 0,
            "med": 0.028,
            "max": 1109.035,
            "p(90)": 0.364,
            "p(95)": 0.918
        },
        "dropped_iterations": {
            "count": 205747,
            "rate": 1158.21504496839
        },
        "admitted": {
            "count": 82514,
            "rate": 464.4974469640954
        }
    }
}