{
    "root_group": {
        "groups": {},
        "checks": {},
        "name": "",
        "path": "",
        "id": "d41d8cd98f00b204e9800998ecf8427e"
    },
    "metrics": {
        "iterations": {
            "count": 138552,
            "rate": 793.0141402196118
        },
        "http_req_receiving": {
            "p(95)": 0.624,
            "avg": 0.3641255196604853,
            "min": 0,
            "med": 0.033,
            "max": 480.324,
            "p(90)": 0.258
        },
        "http_req_waiting": {
            "avg": 2093.214912595991,
            "min": 0.591,
            "med": 165.363,
            "max": 10008.419,
            "p(90)": 5845.131900000002,
            "p(95)": 7015.990899999998
        },
        "vus": {
            "min": 0,
            "max": 5000,
            "value": 1194
        },
        "http_req_duration{expected_response:true}": {
            "avg": 661.4027458762765,
            "min": 0.647,
            "med": 1.644,
            "max": 9064.211,
            "p(90)": 4035.3332000000005,
            "p(95)": 5104.3573
        },
        "data_sent": {
            "count": 21040298,
            "rate": 120425.93270710217
        },
        "reserve_failed": {
            "count": 91689,
            "rate": 524.7897793073791
        },
        "http_req_connecting": {
            "avg": 0.16473511750100886,
            "min": 0,
            "med": 0.11,
            "max": 34.337,
            "p(90)": 0.247,
            "p(95)": 0.354
        },
        "http_req_sending": {
            "avg": 0.04096827184017579,
            "min": 0.002,
            "med": 0.013,
            "max": 32.808,
            "p(90)": 0.047,
            "p(95)": 0.074
        },
        "http_req_failed": {
            "passes": 91689,
            "fails": 46863,
            "value": 0.6617659795600208
        },
        "error_rate": {
            "passes": 91689,
            "fails": 46863,
            "value": 0.6617659795600208
        },
        "http_req_blocked": {
            "p(90)": 0.314,
            "p(95)": 0.471,
            "avg": 0.20710866678217765,
            "min": 0,
            "med": 0.129,
            "max": 34.42
        },
        "http_req_tls_handshaking": {
            "max": 0,
            "p(90)": 0,
            "p(95)": 0,
            "avg": 0,
            "min": 0,
            "med": 0
        },
        "http_reqs": {
            "count": 138552,
            "rate": 793.0141402196118
        },
        "data_received": {
            "count": 35750272,
            "rate": 204619.71832017772
        },
        "iteration_duration": {
            "p(95)": 7017.61872105,
            "avg": 2094.0584670245944,
            "min": 0.655208,
            "med": 166.134146,
            "max": 10012.056375,
            "p(90)": 5847.628166600001
        },
        "reserve_success": {
            "count": 46863,
            "rate": 268.2243609122327
        },
        "dropped_iterations": {
            "count": 149922,
            "rate": 858.0913009556315
        },
        "server_5xx": {
            "passes": 91596,
            "fails": 46956,
            "thresholds": {
                "rate<0.10": true
            },
            "value": 0.6610947514290664
        },
        "reserve_latency_ms": {
            "med": 165.74599999999998,
            "max": 10008.446,
            "p(90)": 5846.820400000001,
            "p(95)": 7016.6202,
            "avg": 2093.6200063874944,
            "min": 0.614,
            "thresholds": {
                "p(99)<5000": true
            }
        },
        "http_req_duration": {
            "avg": 2093.6200063874944,
            "min": 0.614,
            "med": 165.74599999999998,
            "max": 10008.446,
            "p(90)": 5846.820400000001,
            "p(95)": 7016.6202
        },
        "vus_max": {
            "value": 5000,
            "min": 500,
            "max": 5000
        }
    }
}