{
    "root_group": {
        "id": "d41d8cd98f00b204e9800998ecf8427e",
        "groups": {},
        "checks": {},
        "name": "",
        "path": ""
    },
    "metrics": {
        "data_sent": {
            "rate": 180206.9950770249,
            "count": 31029144
        },
        "http_req_blocked": {
            "avg": 0.3163248138872838,
            "min": 0,
            "med": 0.152,
            "max": 111.788,
            "p(90)": 0.519,
            "p(95)": 0.959
        },
        "reserve_failed": {
            "count": 154849,
            "rate": 899.3117238645781
        },
        "dropped_iterations": {
            "count": 84431,
            "rate": 490.34729418730626
        },
        "http_reqs": {
            "rate": 1185.01418848362,
            "count": 204043
        },
        "vus_max": {
            "min": 500,
            "max": 5000,
            "value": 5000
        },
        "http_req_tls_handshaking": {
            "avg": 0,
            "min": 0,
            "med": 0,
            "max": 0,
            "p(90)": 0,
            "p(95)": 0
        },
        "vus": {
            "value": 583,
            "min": 0,
            "max": 5000
        },
        "server_5xx": {
            "passes": 154849,
            "fails": 49194,
            "thresholds": {
                "rate<0.10": true
            },
            "value": 0.7589037604818593
        },
        "data_received": {
            "count": 53018433,
            "rate": 307913.50527177204
        },
        "iteration_duration": {
            "med": 9.297459,
            "max": 6080.1985,
            "p(90)": 2988.395366,
            "p(95)": 3295.2667285999983,
            "avg": 786.9722227013748,
            "min": 0.619416
        },
        "http_req_sending": {
            "avg": 0.06210673730537327,
            "min": 0.002,
            "med": 0.014,
            "max": 111.237,
            "p(90)": 0.067,
            "p(95)": 0.148
        },
        "http_req_waiting": {
            "p(95)": 3292.4273999999996,
            "avg": 786.072972971385,
            "min": 0.551,
            "med": 8.809,
            "max": 6079.738,
            "p(90)": 2986.3364
        },
        "iterations": {
            "count": 204043,
            "rate": 1185.01418848362
        },
        "http_req_duration": {
            "avg": 786.4078570693431,
            "min": 0.587,
            "med": 8.886,
            "max": 6079.785,
            "p(90)": 2987.1276000000003,
            "p(95)": 3293.930599999999
        },
        "http_req_duration{expected_response:true}": {
            "avg": 100.21340815953158,
            "min": 0.628,
            "med": 1.257,
            "max": 5208.047,
            "p(90)": 33.37540000000001,
            "p(95)": 293.5439999999999
        },
        "http_req_connecting": {
            "avg": 0.2472037805756643,
            "min": 0,
            "med": 0.126,
            "max": 60.112,
            "p(90)": 0.38,
            "p(95)": 0.682
        },
        "reserve_latency_ms": {
            "p(90)": 2987.1276000000003,
            "p(95)": 3293.930599999999,
            "avg": 786.4078570693431,
            "min": 0.587,
            "med": 8.886,
            "max": 6079.785,
            "thresholds": {
                "p(99)<5000": false
            }
        },
        "reserve_success": {
            "count": 49194,
            "rate": 285.70246461904213
        },
        "http_req_receiving": {
            "p(90)": 0.492,
            "p(95)": 1.202,
            "avg": 0.27277736065437563,
            "min": 0.005,
            "med": 0.027,
            "max": 114.176
        },
        "error_rate": {
            "passes": 154849,
            "fails": 49194,
            "value": 0.7589037604818593
        },
        "http_req_failed": {
            "passes": 154849,
            "fails": 49194,
            "value": 0.7589037604818593
        }
    }
}