{
    "root_group": {
        "name": "",
        "path": "",
        "id": "d41d8cd98f00b204e9800998ecf8427e",
        "groups": {},
        "checks": {}
    },
    "metrics": {
        "dropped_iterations": {
            "count": 123290,
            "rate": 712.268759772031
        },
        "server_5xx": {
            "passes": 117005,
            "fails": 48183,
            "thresholds": {
                "rate<0.10": true
            },
            "value": 0.7083141632564108
        },
        "vus": {
            "value": 274,
            "min": 0,
            "max": 5000
        },
        "reserve_failed": {
            "count": 117045,
            "rate": 676.1902586383111
        },
        "http_req_duration{expected_response:true}": {
            "avg": 300.2186897783693,
            "min": 0.622,
            "med": 1.234,
            "max": 9981.007,
            "p(90)": 247.38980000000038,
            "p(95)": 2821.5421999999994
        },
        "http_req_waiting": {
            "avg": 1367.5805387558419,
            "min": 0.54,
            "med": 4.9645,
            "max": 10001.781,
            "p(90)": 4714.393400000002,
            "p(95)": 5629.479349999999
        },
        "data_received": {
            "count": 42772971,
            "rate": 247107.23502258942
        },
        "http_reqs": {
            "count": 165188,
            "rate": 954.3211281468267
        },
        "http_req_connecting": {
            "avg": 0.262031200813618,
            "min": 0,
            "med": 0.122,
            "max": 271.583,
            "p(90)": 0.44,
            "p(95)": 0.8256499999999927
        },
        "http_req_tls_handshaking": {
            "max": 0,
            "p(90)": 0,
            "p(95)": 0,
            "avg": 0,
            "min": 0,
            "med": 0
        },
        "http_req_failed": {
            "passes": 117045,
            "fails": 48143,
            "value": 0.708556311596484
        },
        "iteration_duration": {
            "max": 10002.261666,
            "p(90)": 4718.1741455,
            "p(95)": 5631.41266655,
            "avg": 1368.7390159374174,
            "min": 0.623458,
            "med": 5.3812085
        },
        "http_req_blocked": {
            "avg": 0.34360882751774496,
            "min": 0,
            "med": 0.145,
            "max": 271.669,
            "p(90)": 0.604,
            "p(95)": 1.159
        },
        "http_req_sending": {
            "max": 92.99,
            "p(90)": 0.068,
            "p(95)": 0.163,
            "avg": 0.07900239121486106,
            "min": 0.002,
            "med": 0.014
        },
        "http_req_receiving": {
            "max": 991.481,
            "p(90)": 0.627,
            "p(95)": 1.6116499999999927,
            "avg": 0.4052624706395137,
            "min": 0,
            "med": 0.03
        },
        "data_sent": {
            "count": 25101807,
            "rate": 145017.7057338542
        },
        "reserve_latency_ms": {
            "avg": 1368.0648036176945,
            "min": 0.587,
            "med": 5.041,
            "max": 10001.859,
            "p(90)": 4716.581500000001,
            "p(95)": 5630.22145,
            "thresholds": {
                "p(99)<5000": true
            }
        },
        "error_rate": {
            "passes": 117045,
            "fails": 48143,
            "value": 0.708556311596484
        },
        "vus_max": {
            "max": 5000,
            "value": 5000,
            "min": 500
        },
        "http_req_duration": {
            "max": 10001.859,
            "p(90)": 4716.581500000001,
            "p(95)": 5630.22145,
            "avg": 1368.0648036176945,
            "min": 0.587,
            "med": 5.041
        },
        "reserve_success": {
            "count": 48143,
            "rate": 278.1308695085156
        },
        "iterations": {
            "count": 165188,
            "rate": 954.3211281468267
        }
    }
}