{
    "root_group": {
        "checks": {},
        "name": "",
        "path": "",
        "id": "d41d8cd98f00b204e9800998ecf8427e",
        "groups": {}
    },
    "metrics": {
        "http_req_connecting": {
            "p(95)": 0.353,
            "avg": 0.1562314069343765,
            "min": 0,
            "med": 0,
            "max": 309.998,
            "p(90)": 0.195
        },
        "http_req_duration{expected_response:true}": {
            "avg": 834.2418043360143,
            "min": 0.273,
            "med": 35.157,
            "max": 8423.985,
            "p(90)": 2449.3215,
            "p(95)": 2846.9002499999997
        },
        "http_req_receiving": {
            "med": 0.032,
            "max": 1134.753,
            "p(90)": 0.735,
            "p(95)": 1.727,
            "avg": 0.8297552249633173,
            "min": 0
        },
        "http_req_failed": {
            "fails": 305948,
            "passes": 57978,
            "value": 0.1593126075081198
        },
        "admit_wait_ms": {
            "p(95)": 3985,
            "avg": 1863.4744248985114,
            "min": 0,
            "med": 1604,
            "max": 15143,
            "p(90)": 2958
        },
        "data_sent": {
            "count": 54434253,
            "rate": 313187.69764581113
        },
        "iterations": {
            "count": 99765,
            "rate": 573.9983362246993
        },
        "total_latency_ms": {
            "p(95)": 10374,
            "avg": 4256.424056532852,
            "min": 2,
            "med": 3274,
            "max": 19329,
            "p(90)": 8838,
            "thresholds": {
                "p(99)<60000": false
            }
        },
        "http_req_tls_handshaking": {
            "avg": 0,
            "min": 0,
            "med": 0,
            "max": 0,
            "p(90)": 0,
            "p(95)": 0
        },
        "token_latency_ms": {
            "max": 8423.985,
            "p(90)": 2698.811,
            "p(95)": 3350.3302,
            "avg": 1134.839900536269,
            "min": 0.273,
            "med": 270.237
        },
        "admitted": {
            "count": 99765,
            "rate": 573.9983362246993
        },
        "reserve_failed": {
            "count": 56561,
            "rate": 325.423945223327
        },
        "http_req_sending": {
            "p(90)": 0.102,
            "p(95)": 0.3457499999999838,
            "avg": 0.200348711001643,
            "min": 0.001,
            "med": 0.01,
            "max": 188.977
        },
        "reserve_success": {
            "count": 43204,
            "rate": 248.57439100137233
        },
        "data_received": {
            "count": 77414673,
            "rate": 445405.63826371124
        },
        "http_req_blocked": {
            "min": 0,
            "med": 0.002,
            "max": 333.309,
            "p(90)": 0.267,
            "p(95)": 0.546,
            "avg": 0.2072593054629776
        },
        "reserve_latency_ms": {
            "avg": 1256.2326778529562,
            "min": 0.654,
            "med": 775.432,
            "max": 7797.808,
            "p(90)": 2911.6222000000002,
            "p(95)": 3522.9847999999997
        },
        "iteration_duration": {
            "min": 1.7485,
            "med": 3273.459917,
            "max": 19328.2275,
            "p(90)": 8838.271908800001,
            "p(95)": 10374.248083599998,
            "avg": 4256.488498710553
        },
        "http_reqs": {
            "count": 363926,
            "rate": 2093.8497319592034
        },
        "http_req_duration": {
            "min": 0.273,
            "med": 104.4745,
            "max": 8423.985,
            "p(90)": 2601.6915,
            "p(95)": 3114.817,
            "avg": 987.241245244882
        },
        "token_issued": {
            "count": 99765,
            "rate": 573.9983362246993
        },
        "dropped_iterations": {
            "count": 188682,
            "rate": 1085.5826600065025
        },
        "http_req_waiting": {
            "avg": 986.2111413089468,
            "min": 0.254,
            "med": 104.005,
            "max": 8423.47,
            "p(90)": 2599.2165,
            "p(95)": 3111.071
        },
        "vus": {
            "value": 1740,
            "min": 92,
            "max": 5000
        },
        "vus_max": {
            "value": 5000,
            "min": 500,
            "max": 5000
        }
    }
}