{
    "root_group": {
        "name": "",
        "path": "",
        "id": "d41d8cd98f00b204e9800998ecf8427e",
        "groups": {},
        "checks": {}
    },
    "metrics": {
        "reserve_latency_ms": {
            "p(95)": 3505.68975,
            "avg": 1062.493597730489,
            "min": 0.77,
            "med": 40.71,
            "max": 6576.682,
            "p(90)": 3252.3504000000003,
            "thresholds": {
                "p(99)<5000": false
            }
        },
        "http_req_duration{expected_response:true}": {
            "p(95)": 2273.2514999999994,
            "avg": 196.70774264901482,
            "min": 0.808,
            "med": 2.147,
            "max": 6105.937,
            "p(90)": 168.967
        },
        "vus": {
            "value": 11,
            "min": 0,
            "max": 5000
        },
        "http_req_blocked": {
            "p(95)": 1.166,
            "avg": 0.3600958074633011,
            "min": 0.001,
            "med": 0.184,
            "max": 32.435,
            "p(90)": 0.666
        },
        "server_5xx": {
            "fails": 48871,
            "passes": 139893,
            "thresholds": {
                "rate<0.10": true
            },
            "value": 0.7410999978809518
        },
        "http_req_waiting": {
            "max": 6576.63,
            "p(90)": 3251.1636000000003,
            "p(95)": 3504.219,
            "avg": 1062.0235804602548,
            "min": 0.731,
            "med": 40.3695
        },
        "http_req_tls_handshaking": {
            "avg": 0,
            "min": 0,
            "med": 0,
            "max": 0,
            "p(90)": 0,
            "p(95)": 0
        },
        "http_req_failed": {
            "passes": 139893,
            "fails": 48871,
            "value": 0.7410999978809518
        },
        "http_req_duration": {
            "p(90)": 3252.3504000000003,
            "p(95)": 3505.68975,
            "avg": 1062.493597730489,
            "min": 0.77,
            "med": 40.71,
            "max": 6576.682
        },
        "http_req_receiving": {
            "max": 192.808,
            "p(90)": 0.803,
            "p(95)": 1.7428499999999918,
            "avg": 0.3941229630649926,
            "min": 0.006,
            "med": 0.044
        },
        "data_sent": {
            "count": 28696719,
            "rate": 165268.45946316383
        },
        "data_received": {
            "count": 48991426,
            "rate": 282148.54464454943
        },
        "http_reqs": {
            "count": 188764,
            "rate": 1087.1185476675803
        },
        "iteration_duration": {
            "avg": 1063.2690930516237,
            "min": 0.844167,
            "med": 41.420667,
            "max": 6579.316292,
            "p(90)": 3253.8236711,
            "p(95)": 3507.23863925
        },
        "iterations": {
            "count": 188764,
            "rate": 1087.1185476675803
        },
        "reserve_success": {
            "count": 48871,
            "rate": 281.45499429479304
        },
        "error_rate": {
            "passes": 139893,
            "fails": 48871,
            "value": 0.7410999978809518
        },
        "reserve_failed": {
            "rate": 805.6635533727872,
            "count": 139893
        },
        "vus_max": {
            "max": 5000,
            "value": 5000,
            "min": 500
        },
        "dropped_iterations": {
            "rate": 574.1921463891707,
            "count": 99701
        },
        "http_req_connecting": {
            "min": 0,
            "med": 0.149,
            "max": 32.022,
            "p(90)": 0.479,
            "p(95)": 0.827,
            "avg": 0.2775318122099551
        },
        "http_req_sending": {
            "avg": 0.07589430717722422,
            "min": 0.002,
            "med": 0.019,
            "max": 21.152,
            "p(90)": 0.088,
            "p(95)": 0.212
        }
    }
}