{
    "root_group": {
        "name": "",
        "path": "",
        "id": "d41d8cd98f00b204e9800998ecf8427e",
        "groups": {},
        "checks": {}
    },
    "metrics": {
        "data_received": {
            "count": 52156830,
            "rate": 298346.92771534953
        },
        "http_req_duration{expected_response:true}": {
            "p(90)": 10.510200000000008,
            "p(95)": 58.53179999999992,
            "avg": 92.49765867568277,
            "min": 0.619,
            "med": 1.191,
            "max": 9993.541
        },
        "reserve_success": {
            "count": 49097,
            "rate": 280.84412166231186
        },
        "dropped_iterations": {
            "count": 87650,
            "rate": 501.3745700083841
        },
        "iterations": {
            "count": 200822,
            "rate": 1148.73980488561
        },
        "reserve_failed": {
            "count": 151725,
            "rate": 867.8956832232981
        },
        "http_req_sending": {
            "max": 16.846,
            "p(90)": 0.033,
            "p(95)": 0.05,
            "avg": 0.022945498999113936,
            "min": 0.002,
            "med": 0.011
        },
        "http_req_duration": {
            "avg": 821.0518592335527,
            "min": 0.563,
            "med": 2.701,
            "max": 10000.639,
            "p(90)": 3712.2016000000003,
            "p(95)": 4487.0277499999975
        },
        "http_reqs": {
            "rate": 1148.73980488561,
            "count": 200822
        },
        "http_req_waiting": {
            "p(90)": 3711.6765,
            "p(95)": 4486.701099999999,
            "avg": 820.8951980360789,
            "min": 0.541,
            "med": 2.65,
            "max": 10000.336
        },
        "http_req_receiving": {
            "avg": 0.13371569847925716,
            "min": 0,
            "med": 0.019,
            "max": 265.572,
            "p(90)": 0.108,
            "p(95)": 0.242
        },
        "http_req_connecting": {
            "avg": 0.16500825108803374,
            "min": 0,
            "med": 0.102,
            "max": 36.351,
            "p(90)": 0.189,
            "p(95)": 0.265
        },
        "vus": {
            "value": 976,
            "min": 0,
            "max": 5000
        },
        "http_req_failed": {
            "passes": 151725,
            "fails": 49097,
            "value": 0.7555198135662428
        },
        "error_rate": {
            "fails": 49097,
            "passes": 151725,
            "value": 0.7555198135662428
        },
        "iteration_duration": {
            "p(90)": 3712.6181253,
            "p(95)": 4487.3304923,
            "avg": 821.337444874506,
            "min": 0.597583,
            "med": 2.8872915,
            "max": 10002.947583
        },
        "http_req_blocked": {
            "avg": 0.1886947396201819,
            "min": 0,
            "med": 0.117,
            "max": 36.377,
            "p(90)": 0.232,
            "p(95)": 0.333
        },
        "reserve_latency_ms": {
            "avg": 821.0518592335529,
            "min": 0.563,
            "med": 2.701,
            "max": 10000.639,
            "p(90)": 3712.2016000000003,
            "p(95)": 4487.0277499999975,
            "thresholds": {
                "p(99)<5000": true
            }
        },
        "server_5xx": {
            "passes": 151674,
            "fails": 49148,
            "thresholds": {
                "rate<0.10": true
            },
            "value": 0.7552658573263885
        },
        "http_req_tls_handshaking": {
            "avg": 0,
            "min": 0,
            "med": 0,
            "max": 0,
            "p(90)": 0,
            "p(95)": 0
        },
        "vus_max": {
            "max": 5000,
            "value": 5000,
            "min": 500
        },
        "data_sent": {
            "rate": 174697.89693874758,
            "count": 30540581
        }
    }
}