{
    "root_group": {
        "name": "",
        "path": "",
        "id": "d41d8cd98f00b204e9800998ecf8427e",
        "groups": {},
        "checks": {}
    },
    "metrics": {
        "admitted": {
            "count": 70565,
            "rate": 389.7740070256537
        },
        "http_req_waiting": {
            "avg": 1955.9062737691384,
            "min": 0.347,
            "med": 796.405,
            "max": 10025.213,
            "p(90)": 5001.552,
            "p(95)": 5697.509
        },
        "vus": {
            "value": 43,
            "min": 43,
            "max": 5000
        },
        "reserve_failed": {
            "count": 32743,
            "rate": 180.85977909786692
        },
        "reserve_latency_ms": {
            "avg": 2437.3105737121923,
            "min": 0.94,
            "med": 1302.856,
            "max": 10007.924,
            "p(90)": 5720.8676,
            "p(95)": 6687.5909999999985
        },
        "data_sent": {
            "count": 36104459,
            "rate": 199427.18990892687
        },
        "admit_wait_ms": {
            "med": 1127,
            "max": 33890,
            "p(90)": 4204,
            "p(95)": 8592.799999999997,
            "avg": 2402.8306809324736,
            "min": 0
        },
        "token_failed": {
            "count": 42,
            "rate": 0.23199189818008156
        },
        "token_issued": {
            "count": 70565,
            "rate": 389.7740070256537
        },
        "http_req_blocked": {
            "avg": 0.151211720290475,
            "min": 0,
            "med": 0.002,
            "max": 105.246,
            "p(90)": 0.243,
            "p(95)": 0.424
        },
        "vus_max": {
            "value": 5000,
            "min": 500,
            "max": 5000
        },
        "http_req_connecting": {
            "avg": 0.1126321044643718,
            "min": 0,
            "med": 0,
            "max": 79.73,
            "p(90)": 0.191,
            "p(95)": 0.304
        },
        "token_latency_ms": {
            "med": 839.588,
            "max": 10025.225,
            "p(90)": 5285.735,
            "p(95)": 6106.7002999999995,
            "avg": 2127.3124665401597,
            "min": 0.376
        },
        "http_req_tls_handshaking": {
            "avg": 0,
            "min": 0,
            "med": 0,
            "max": 0,
            "p(90)": 0,
            "p(95)": 0
        },
        "http_req_sending": {
            "max": 116.995,
            "p(90)": 0.061,
            "p(95)": 0.168,
            "avg": 0.09640678799803289,
            "min": 0.002,
            "med": 0.009
        },
        "http_req_receiving": {
            "avg": 1.199553903330064,
            "min": 0,
            "med": 0.037,
            "max": 1291.417,
            "p(90)": 0.687,
            "p(95)": 1.886
        },
        "total_latency_ms": {
            "avg": 6964.139998582867,
            "min": 2,
            "med": 2886,
            "max": 43891,
            "p(90)": 15110,
            "p(95)": 16520,
            "thresholds": {
                "p(99)<60000": false
            }
        },
        "data_received": {
            "count": 49707167,
            "rate": 274563.3339401026
        },
        "iterations": {
            "count": 70607,
            "rate": 390.0059989238338
        },
        "reserve_success": {
            "count": 37822,
            "rate": 208.91422792778678
        },
        "iteration_duration": {
            "min": 2.280792,
            "med": 2892.062875,
            "max": 43890.442833,
            "p(90)": 15108.706583199999,
            "p(95)": 16519.579532999996,
            "avg": 6965.998522314299
        },
        "http_req_failed": {
            "passes": 37953,
            "fails": 199908,
            "value": 0.1595595747095993
        },
        "dropped_iterations": {
            "count": 217854,
            "rate": 1203.341975860083
        },
        "http_reqs": {
            "count": 237861,
            "rate": 1313.852973643152
        },
        "http_req_duration": {
            "p(90)": 5001.754,
            "p(95)": 5700.226,
            "avg": 1957.2022344604663,
            "min": 0.361,
            "med": 797.014,
            "max": 10025.225
        },
        "http_req_duration{expected_response:true}": {
            "p(95)": 5239.870099999999,
            "avg": 1630.3804871540808,
            "min": 0.361,
            "med": 607.559,
            "max": 9964.367,
            "p(90)": 4426.1052
        }
    }
}