{
    "metrics": {
        "http_reqs": {
            "count": 200526,
            "rate": 1163.4963288066178
        },
        "http_req_sending": {
            "avg": 0.05351418269950523,
            "min": 0.002,
            "med": 0.014,
            "max": 150.119,
            "p(90)": 0.059,
            "p(95)": 0.106
        },
        "reserve_failed": {
            "count": 151405,
            "rate": 878.485391734568
        },
        "http_req_receiving": {
            "p(95)": 0.728,
            "avg": 0.23013879496923934,
            "min": 0.005,
            "med": 0.03,
            "max": 168.194,
            "p(90)": 0.279
        },
        "data_received": {
            "count": 52086921,
            "rate": 302219.8685573957
        },
        "iterations": {
            "count": 200526,
            "rate": 1163.4963288066178
        },
        "dropped_iterations": {
            "count": 87949,
            "rate": 510.2996051495229
        },
        "http_req_failed": {
            "passes": 151405,
            "fails": 49121,
            "value": 0.755039246780966
        },
        "vus": {
            "value": 762,
            "min": 0,
            "max": 5000
        },
        "http_req_duration{expected_response:true}": {
            "med": 1.728,
            "max": 6044.933,
            "p(90)": 175.246,
            "p(95)": 762.399,
            "avg": 143.66790710693985,
            "min": 0.605
        },
        "http_req_blocked": {
            "p(95)": 0.679,
            "avg": 0.29937878379862065,
            "min": 0,
            "med": 0.152,
            "max": 127.516,
            "p(90)": 0.378
        },
        "http_req_waiting": {
            "max": 6340.089,
            "p(90)": 3135.5485000000003,
            "p(95)": 3311.8642499999996,
            "avg": 900.2445125719308,
            "min": 0.547,
            "med": 83.1395
        },
        "reserve_success": {
            "rate": 285.0109370720499,
            "count": 49121
        },
        "http_req_duration": {
            "p(95)": 3312.2305,
            "avg": 900.5281655495997,
            "min": 0.585,
            "med": 83.35,
            "max": 6340.472,
            "p(90)": 3136.0565
        },
        "error_rate": {
            "passes": 151405,
            "fails": 49121,
            "value": 0.755039246780966
        },
        "vus_max": {
            "value": 5000,
            "min": 500,
            "max": 5000
        },
        "data_sent": {
            "count": 30481200,
            "rate": 176858.6831514132
        },
        "iteration_duration": {
            "max": 6340.713584,
            "p(90)": 3136.8246665,
            "p(95)": 3313.024458,
            "avg": 901.0275030656799,
            "min": 0.624916,
            "med": 83.903417
        },
        "server_5xx": {
            "passes": 151405,
            "fails": 49121,
            "thresholds": {
                "rate<0.10": true
            },
            "value": 0.755039246780966
        },
        "http_req_tls_handshaking": {
            "avg": 0,
            "min": 0,
            "med": 0,
            "max": 0,
            "p(90)": 0,
            "p(95)": 0
        },
        "reserve_latency_ms": {
            "avg": 900.5281655495997,
            "min": 0.585,
            "med": 83.35,
            "max": 6340.472,
            "p(90)": 3136.0565,
            "p(95)": 3312.2305,
            "thresholds": {
                "p(99)<5000": false
            }
        },
        "http_req_connecting": {
            "avg": 0.2464148190259627,
            "min": 0,
            "med": 0.126,
            "max": 127.468,
            "p(90)": 0.288,
            "p(95)": 0.492
        }
    },
    "root_group": {
        "id": "d41d8cd98f00b204e9800998ecf8427e",
        "groups": {},
        "checks": {},
        "name": "",
        "path": ""
    }
}