{
    "metrics": {
        "vus_max": {
            "max": 5000,
            "value": 5000,
            "min": 500
        },
        "http_reqs": {
            "count": 347297,
            "rate": 1991.0018779328618
        },
        "http_req_duration": {
            "p(95)": 3148.497199999999,
            "avg": 1083.417973944506,
            "min": 0.271,
            "med": 56.886,
            "max": 9653.026,
            "p(90)": 2719.717
        },
        "http_req_sending": {
            "med": 0.008,
            "max": 142.429,
            "p(90)": 0.08,
            "p(95)": 0.29,
            "avg": 0.13705467366546462,
            "min": 0.001
        },
        "dropped_iterations": {
            "count": 189439,
            "rate": 1086.025519234901
        },
        "token_issued": {
            "count": 99033,
            "rate": 567.7414114643234
        },
        "admitted": {
            "count": 99033,
            "rate": 567.7414114643234
        },
        "iteration_duration": {
            "min": 1.785541,
            "med": 3903.675958,
            "max": 21801.421166,
            "p(90)": 7984.6239086000005,
            "p(95)": 10491.929408399958,
            "avg": 4310.10181363001
        },
        "http_req_connecting": {
            "avg": 0.20898445134855698,
            "min": 0,
            "med": 0,
            "max": 214.961,
            "p(90)": 0.198,
            "p(95)": 0.365
        },
        "data_received": {
            "count": 74007628,
            "rate": 424274.6880317326
        },
        "total_latency_ms": {
            "p(90)": 7984.800000000002,
            "p(95)": 10491.59999999996,
            "avg": 4310.036765522604,
            "min": 1,
            "med": 3904,
            "max": 21802,
            "thresholds": {
                "p(99)<60000": false
            }
        },
        "http_req_tls_handshaking": {
            "p(90)": 0,
            "p(95)": 0,
            "avg": 0,
            "min": 0,
            "med": 0,
            "max": 0
        },
        "http_req_waiting": {
            "min": 0.261,
            "med": 56.503,
            "max": 9652.79,
            "p(90)": 2717.2656,
            "p(95)": 3145.8651999999997,
            "avg": 1082.334604885739
        },
        "admit_wait_ms": {
            "p(90)": 2608,
            "p(95)": 3012,
            "avg": 1682.2697585653268,
            "min": 0,
            "med": 1465,
            "max": 16800
        },
        "data_sent": {
            "count": 52326090,
            "rate": 299977.66595992463
        },
        "vus": {
            "value": 893,
            "min": 89,
            "max": 5000
        },
        "reserve_failed": {
            "count": 55965,
            "rate": 320.83899399796894
        },
        "http_req_duration{expected_response:true}": {
            "avg": 908.9920512578335,
            "min": 0.271,
            "med": 8.955,
            "max": 9470.681,
            "p(90)": 2443.5603,
            "p(95)": 2898.8849999999993
        },
        "token_latency_ms": {
            "avg": 1243.3968126786112,
            "min": 0.282,
            "med": 903.002,
            "max": 9470.681,
            "p(90)": 2721.0670000000005,
            "p(95)": 3112.7303999999995
        },
        "http_req_receiving": {
            "avg": 0.9463143850940234,
            "min": 0,
            "med": 0.034,
            "max": 1253.319,
            "p(90)": 0.77,
            "p(95)": 1.82
        },
        "http_req_failed": {
            "passes": 57117,
            "fails": 290180,
            "value": 0.1644615415624091
        },
        "reserve_latency_ms": {
            "avg": 1382.286941272082,
            "min": 0.69,
            "med": 1241.241,
            "max": 9653.026,
            "p(90)": 3031.1356,
            "p(95)": 3516.4316
        },
        "reserve_success": {
            "count": 43068,
            "rate": 246.90241746635442
        },
        "http_req_blocked": {
            "med": 0.002,
            "max": 221.016,
            "p(90)": 0.266,
            "p(95)": 0.547,
            "avg": 0.25686410478628674,
            "min": 0
        },
        "iterations": {
            "count": 99033,
            "rate": 567.7414114643234
        }
    },
    "root_group": {
        "groups": {},
        "checks": {},
        "name": "",
        "path": "",
        "id": "d41d8cd98f00b204e9800998ecf8427e"
    }
}