{
    "root_group": {
        "name": "",
        "path": "",
        "id": "d41d8cd98f00b204e9800998ecf8427e",
        "groups": {},
        "checks": {}
    },
    "metrics": {
        "http_req_failed": {
            "passes": 62124,
            "fails": 322257,
            "value": 0.1616208917714455
        },
        "total_latency_ms": {
            "med": 4143.5,
            "max": 19173,
            "p(90)": 7995.900000000002,
            "p(95)": 8961,
            "avg": 4028.1739878274675,
            "min": 1,
            "thresholds": {
                "p(99)<60000": false
            }
        },
        "vus_max": {
            "value": 5000,
            "min": 500,
            "max": 5000
        },
        "token_latency_ms": {
            "avg": 1100.741678580883,
            "min": 0.28,
            "med": 145.19150000000002,
            "max": 9410.455,
            "p(90)": 2607.231,
            "p(95)": 3304.1624999999995
        },
        "iteration_duration": {
            "avg": 4028.231672832776,
            "min": 1.685167,
            "med": 4143.403146000001,
            "max": 19172.940667,
            "p(90)": 7995.558404100001,
            "p(95)": 8960.937585599997
        },
        "http_req_waiting": {
            "avg": 933.1915522801739,
            "min": 0.236,
            "med": 35.834,
            "max": 9410.276,
            "p(90)": 2423.53,
            "p(95)": 3057.91
        },
        "admitted": {
            "count": 105812,
            "rate": 608.7810329485791
        },
        "admit_wait_ms": {
            "p(95)": 3490,
            "avg": 1741.8291498128756,
            "min": 0,
            "med": 1688,
            "max": 14154,
            "p(90)": 2841
        },
        "reserve_latency_ms": {
            "avg": 1184.1933159282592,
            "min": 0.679,
            "med": 964.26,
            "max": 6546.833,
            "p(90)": 2676.7668000000003,
            "p(95)": 3445.6947999999998
        },
        "http_req_duration": {
            "min": 0.257,
            "med": 36.003,
            "max": 9410.455,
            "p(90)": 2425.763,
            "p(95)": 3059.683,
            "avg": 933.9640453612533
        },
        "http_req_sending": {
            "p(90)": 0.073,
            "p(95)": 0.241,
            "avg": 0.09513500407148204,
            "min": 0.001,
            "med": 0.008,
            "max": 111.65
        },
        "data_sent": {
            "count": 57540880,
            "rate": 331056.93459314853
        },
        "vus": {
            "value": 1740,
            "min": 73,
            "max": 5000
        },
        "http_req_tls_handshaking": {
            "min": 0,
            "med": 0,
            "max": 0,
            "p(90)": 0,
            "p(95)": 0,
            "avg": 0
        },
        "dropped_iterations": {
            "count": 182657,
            "rate": 1050.9027060757626
        },
        "http_reqs": {
            "count": 384381,
            "rate": 2211.5058993857765
        },
        "reserve_success": {
            "count": 44027,
            "rate": 253.3058872115364
        },
        "http_req_blocked": {
            "max": 147.544,
            "p(90)": 0.235,
            "p(95)": 0.466,
            "avg": 0.1349519253031305,
            "min": 0,
            "med": 0.002
        },
        "token_issued": {
            "count": 105812,
            "rate": 608.7810329485791
        },
        "data_received": {
            "count": 82043104,
            "rate": 472028.5563020045
        },
        "http_req_connecting": {
            "avg": 0.0977108051646666,
            "min": 0,
            "med": 0,
            "max": 84.402,
            "p(90)": 0.177,
            "p(95)": 0.315
        },
        "iterations": {
            "count": 105812,
            "rate": 608.7810329485791
        },
        "reserve_failed": {
            "count": 61785,
            "rate": 355.4751457370426
        },
        "http_req_duration{expected_response:true}": {
            "avg": 802.2418486270246,
            "min": 0.257,
            "med": 6.685,
            "max": 9410.455,
            "p(90)": 2239.9302000000002,
            "p(95)": 2840.3145999999997
        },
        "http_req_receiving": {
            "med": 0.028,
            "max": 665.84,
            "p(90)": 0.646,
            "p(95)": 1.461,
            "avg": 0.6773580770121401,
            "min": 0
        }
    }
}