{
    "root_group": {
        "name": "",
        "path": "",
        "id": "d41d8cd98f00b204e9800998ecf8427e",
        "groups": {},
        "checks": {}
    },
    "metrics": {
        "http_req_sending": {
            "avg": 0.05848677942948155,
            "min": 0.001,
            "med": 0.011,
            "max": 35.596,
            "p(90)": 0.053,
            "p(95)": 0.114
        },
        "token_issued": {
            "rate": 235.9051669683791,
            "count": 44642
        },
        "http_req_blocked": {
            "p(90)": 0.303,
            "p(95)": 0.479,
            "avg": 0.1631024451915142,
            "min": 0,
            "med": 0.002,
            "max": 51.809
        },
        "data_sent": {
            "count": 24870771,
            "rate": 131426.53522215225
        },
        "data_received": {
            "count": 28910322,
            "rate": 152773.04642533048
        },
        "token_latency_ms": {
            "p(90)": 6914.9945,
            "p(95)": 8297.0108,
            "avg": 3774.1468731497453,
            "min": 0.45,
            "med": 3419.5265,
            "max": 10023.429
        },
        "token_failed": {
            "rate": 9.712685293846171,
            "count": 1838
        },
        "http_req_duration": {
            "min": 0.404,
            "med": 3502.68,
            "max": 10023.429,
            "p(90)": 6497.0984,
            "p(95)": 7709.488099999999,
            "avg": 3629.0469823186054
        },
        "admit_wait_ms": {
            "p(95)": 27009,
            "avg": 6204.422561713185,
            "min": 0,
            "med": 2782,
            "max": 87484,
            "p(90)": 20288.9
        },
        "iteration_duration": {
            "avg": 13703.254648729991,
            "min": 2.921541,
            "med": 12497.829021000001,
            "max": 96992.798291,
            "p(90)": 27996.496058300003,
            "p(95)": 34708.313172299975
        },
        "http_req_failed": {
            "passes": 45527,
            "fails": 121372,
            "value": 0.2727817422513017
        },
        "vus_max": {
            "value": 5000,
            "min": 500,
            "max": 5000
        },
        "http_req_receiving": {
            "p(90)": 0.289,
            "p(95)": 0.686,
            "avg": 1.1925717889262024,
            "min": 0,
            "med": 0.029,
            "max": 1296.351
        },
        "http_req_waiting": {
            "p(90)": 6496.178800000001,
            "p(95)": 7708.725599999998,
            "avg": 3627.7959237503637,
            "min": 0.39,
            "med": 3501.495,
            "max": 10023.409
        },
        "reserve_success": {
            "count": 27858,
            "rate": 147.21218004133112
        },
        "dropped_iterations": {
            "count": 241986,
            "rate": 1278.7453011516102
        },
        "http_reqs": {
            "count": 166899,
            "rate": 881.9572703251534
        },
        "admitted": {
            "rate": 235.9051669683791,
            "count": 44642
        },
        "http_req_tls_handshaking": {
            "min": 0,
            "med": 0,
            "max": 0,
            "p(90)": 0,
            "p(95)": 0,
            "avg": 0
        },
        "iterations": {
            "count": 46480,
            "rate": 245.61785226222526
        },
        "reserve_failed": {
            "count": 16784,
            "rate": 88.69298692704794
        },
        "vus": {
            "value": 67,
            "min": 67,
            "max": 5000
        },
        "http_req_duration{expected_response:true}": {
            "avg": 2983.4642179003104,
            "min": 0.404,
            "med": 2597.5865000000003,
            "max": 10007.815,
            "p(90)": 6209.814400000001,
            "p(95)": 6826.21015
        },
        "total_latency_ms": {
            "avg": 13855.68767080328,
            "min": 2,
            "med": 13276,
            "max": 96994,
            "p(90)": 29496.500000000004,
            "p(95)": 35191,
            "thresholds": {
                "p(99)<60000": true
            }
        },
        "http_req_connecting": {
            "avg": 0.12406210342782144,
            "min": 0,
            "med": 0,
            "max": 37.283,
            "p(90)": 0.239,
            "p(95)": 0.355
        },
        "reserve_latency_ms": {
            "min": 1.262,
            "med": 3617.9444999999996,
            "max": 10023.077,
            "p(90)": 8123.8562,
            "p(95)": 10000.16295,
            "avg": 4132.611891044304
        }
    }
}