{
    "root_group": {
        "id": "d41d8cd98f00b204e9800998ecf8427e",
        "groups": {},
        "checks": {},
        "name": "",
        "path": ""
    },
    "metrics": {
        "http_req_tls_handshaking": {
            "min": 0,
            "med": 0,
            "max": 0,
            "p(90)": 0,
            "p(95)": 0,
            "avg": 0
        },
        "http_reqs": {
            "count": 376292,
            "rate": 2082.564830464771
        },
        "http_req_waiting": {
            "med": 102.2635,
            "max": 9026.056,
            "p(90)": 2483.8378000000002,
            "p(95)": 3273.4792999999986,
            "avg": 1027.5748536137044,
            "min": 0.239
        },
        "admit_wait_ms": {
            "p(95)": 3614,
            "avg": 1719.8333942615036,
            "min": 0,
            "med": 1535,
            "max": 14419,
            "p(90)": 2545
        },
        "total_latency_ms": {
            "p(90)": 8625.800000000003,
            "p(95)": 10192,
            "avg": 4161.082328018522,
            "min": 2,
            "med": 4107,
            "max": 19113,
            "thresholds": {
                "p(99)<60000": false
            }
        },
        "http_req_duration{expected_response:true}": {
            "avg": 854.9480486996891,
            "min": 0.249,
            "med": 10.369,
            "max": 9026.14,
            "p(90)": 2244.1976000000004,
            "p(95)": 2831.0731999999985
        },
        "vus_max": {
            "min": 500,
            "max": 5000,
            "value": 5000
        },
        "http_req_failed": {
            "passes": 63867,
            "fails": 312425,
            "value": 0.16972723310620474
        },
        "token_latency_ms": {
            "min": 0.281,
            "med": 1090.109,
            "max": 9026.14,
            "p(90)": 2431.5134000000003,
            "p(95)": 3052.4188999999997,
            "avg": 1118.3676316657766
        },
        "http_req_connecting": {
            "min": 0,
            "med": 0,
            "max": 554.343,
            "p(90)": 0.198,
            "p(95)": 0.38,
            "avg": 0.3552276556503973
        },
        "token_issued": {
            "count": 106683,
            "rate": 590.430473697217
        },
        "data_sent": {
            "count": 56644618,
            "rate": 313496.13938619936
        },
        "http_req_duration": {
            "p(90)": 2485.6861,
            "p(95)": 3279.97655,
            "avg": 1028.6111715237241,
            "min": 0.249,
            "med": 102.59649999999999,
            "max": 9026.14
        },
        "reserve_success": {
            "count": 44178,
            "rate": 244.50041212747723
        },
        "iteration_duration": {
            "p(90)": 8625.100408600001,
            "p(95)": 10192.446546099998,
            "avg": 4161.149744365212,
            "min": 1.69625,
            "med": 4107.262459,
            "max": 19113.291667
        },
        "dropped_iterations": {
            "count": 178936,
            "rate": 990.3102391335567
        },
        "vus": {
            "value": 1212,
            "min": 95,
            "max": 5000
        },
        "data_received": {
            "count": 80195071,
            "rate": 443834.6668045701
        },
        "admitted": {
            "count": 106683,
            "rate": 590.430473697217
        },
        "http_req_blocked": {
            "max": 554.871,
            "p(90)": 0.264,
            "p(95)": 0.577,
            "avg": 0.4067233611129555,
            "min": 0,
            "med": 0.002
        },
        "http_req_receiving": {
            "avg": 0.8736904797338284,
            "min": 0,
            "med": 0.034,
            "max": 1121.114,
            "p(90)": 0.929,
            "p(95)": 2.367
        },
        "iterations": {
            "count": 106683,
            "rate": 590.430473697217
        },
        "reserve_failed": {
            "count": 62505,
            "rate": 345.9300615697398
        },
        "reserve_latency_ms": {
            "avg": 1319.7113940646575,
            "min": 0.681,
            "med": 1382.542,
            "max": 7751.673,
            "p(90)": 2858.0992000000006,
            "p(95)": 4294.681299999999
        },
        "http_req_sending": {
            "max": 469.587,
            "p(90)": 0.08,
            "p(95)": 0.332,
            "avg": 0.16262743029348298,
            "min": 0.001,
            "med": 0.008
        }
    }
}